date;offense;lon;lat
01/01/2018;murder;-95,43739;29,6779
01/05/2018;murder;-95,43944;29,94292
01/05/2018;murder;-95,55906;29,6748
01/06/2018;murder;-95,42732;29,87376
01/06/2018;murder;-95,27493;29,8606
01/07/2018;murder;-95,35073;29,73181
01/07/2018;murder;-95,30509;29,81714
01/08/2018;murder;-95,27785;29,69589
01/09/2018;murder;-95,51367;29,80147
01/10/2018;murder;-95,40401;29,77159
1/15/2018;murder;-95,36702;29,70464
1/17/2018;murder;-95,35784;29,73559
1/18/2018;murder;-95,38581;29,73451
1/18/2018;murder;-95,30201;29,83656
1/22/2018;murder;-95,55045;29,68366
02/02/2018;murder;-95,28531;29,61817
02/02/2018;murder;-95,43855;29,73547
02/03/2018;murder;-95,5469;29,71399
02/04/2018;murder;-95,52638;29,72913
02/04/2018;murder;-95,34411;29,64903
02/04/2018;murder;-95,28016;29,84437
02/04/2018;murder;-95,18011;29,5927
02/05/2018;murder;-95,31912;29,76794
02/05/2018;murder;-95,47391;29,59747
02/06/2018;murder;-95,48499;29,80953
02/07/2018;murder;-95,41379;29,89831
02/09/2018;murder;-95,37461;29,81211
2/13/2018;murder;-95,53905;29,79308
2/13/2018;murder;-95,50524;29,83038
2/13/2018;murder;-95,39615;29,81137
2/14/2018;murder;-95,50332;29,87512
2/21/2018;murder;-95,31303;29,83309
2/21/2018;murder;-95,53401;29,66977
2/22/2018;murder;-95,50434;29,66877
2/27/2018;murder;-95,57468;29,6896
2/27/2018;murder;-95,28597;29,60711
2/27/2018;murder;-95,28371;29,67586
03/03/2018;murder;-95,43184;29,62376
03/04/2018;murder;-95,30768;29,69858
03/06/2018;murder;-95,25886;29,85425
03/07/2018;murder;-95,27797;29,6546
03/08/2018;murder;-95,23954;29,63622
03/09/2018;murder;-95,27527;29,71469
03/11/2018;murder;-95,47978;29,84908
3/15/2018;murder;-95,53408;29,69004
3/16/2018;murder;-95,37481;29,74458
3/21/2018;murder;-95,43944;29,94292
3/22/2018;murder;-95,40083;29,93178
3/26/2018;murder;-95,41918;29,68094
3/27/2018;murder;-95,40659;29,61384
3/31/2018;murder;-95,36189;29,66025
3/31/2018;murder;-95,33808;29,6958
04/01/2018;murder;-95,58109;29,6967
04/08/2018;murder;-95,242;29,70419
04/08/2018;murder;-95,34643;29,6682
04/11/2018;murder;-95,29493;29,76909
4/17/2018;murder;-95,31007;29,6663
4/17/2018;murder;-95,35274;29,71968
4/18/2018;murder;-95,58716;29,70071
4/20/2018;murder;-95,55753;29,65324
4/20/2018;murder;-95,33412;29,68662
4/21/2018;murder;-95,27367;29,66145
4/21/2018;murder;-95,50829;29,74515
4/22/2018;murder;-95,59607;29,69707
4/25/2018;murder;-95,3419;29,74212
4/25/2018;murder;-95,58505;29,73852
4/30/2018;murder;-95,58098;29,68884
05/01/2018;murder;-95,35984;29,74724
05/01/2018;murder;-95,25343;29,67018
05/06/2018;murder;-95,33903;29,84056
05/06/2018;murder;-95,50118;29,74818
05/07/2018;murder;-95,27134;29,71476
05/08/2018;murder;-95,48539;29,59314
05/08/2018;murder;-95,34498;29,675
05/08/2018;murder;-95,40641;29,82862
05/08/2018;murder;-95,41005;29,72115
05/09/2018;murder;-95,4775;29,84994
05/10/2018;murder;-95,29492;29,6851
05/11/2018;murder;-95,50737;29,74002
05/11/2018;murder;-95,48816;29,80632
05/11/2018;murder;-95,45926;29,8173
5/13/2018;murder;-95,36744;29,75545
5/14/2018;murder;-95,59241;29,782
5/15/2018;murder;-95,20877;29,81398
5/17/2018;murder;-95,54216;29,72315
5/22/2018;murder;-95,59247;29,69278
5/24/2018;murder;-95,35403;29,65262
5/25/2018;murder;-95,36153;29,63984
5/25/2018;murder;-95,47437;29,869
5/26/2018;murder;-95,22449;29,59235
5/26/2018;murder;-95,47292;29,78457
5/28/2018;murder;-95,40541;29,94714
5/29/2018;murder;-95,54008;29,79109
5/31/2018;murder;-95,53774;29,69587
06/02/2018;murder;-95,59608;29,73796
06/03/2018;murder;-95,49225;29,62899
06/03/2018;murder;-95,53411;29,74704
06/04/2018;murder;-95,47679;29,84913
06/04/2018;murder;-95,27586;29,63222
06/05/2018;murder;-95,50411;29,67651
06/05/2018;murder;-95,27527;29,71469
06/05/2018;murder;-95,24149;29,64461
06/05/2018;murder;-95,26227;29,69425
06/05/2018;murder;-95,4732;29,79294
06/06/2018;murder;-95,43362;29,7278
06/09/2018;murder;-95,4497;29,81414
06/09/2018;murder;-95,59528;29,66154
06/10/2018;murder;-95,55753;29,65324
06/11/2018;murder;-95,28505;29,84857
6/14/2018;murder;-95,27914;29,93641
6/17/2018;murder;-95,4215;29,60888
6/18/2018;murder;-95,37128;29,86233
6/19/2018;murder;-95,57749;29,66219
6/22/2018;murder;-95,38431;29,80608
6/23/2018;murder;-95,37147;29,83616
6/25/2018;murder;-95,29976;29,69435
6/25/2018;murder;-95,35399;29,81586
6/29/2018;murder;-95,37009;29,71631
07/01/2018;murder;-95,40557;29,79213
07/04/2018;murder;-95,34319;29,69737
07/04/2018;murder;-95,53155;29,68843
07/06/2018;murder;-95,60125;29,67972
07/07/2018;murder;-95,37896;29,71796
07/07/2018;murder;-95,33622;29,78525
07/10/2018;murder;-95,32694;29,736
07/10/2018;murder;-95,63365;29,7328
7/13/2018;murder;-95,36779;29,68936
7/13/2018;murder;-95,60014;29,6826
7/14/2018;murder;-95,35584;29,73033
7/14/2018;murder;-95,5356;29,61081
7/14/2018;murder;-95,51766;29,74115
7/16/2018;murder;-95,37878;29,7459
7/17/2018;murder;-95,52973;29,83662
7/18/2018;murder;-95,49325;29,63646
7/31/2018;murder;-95,50785;29,73797
08/01/2018;murder;-95,33956;29,63123
08/03/2018;murder;-95,53553;29,61074
08/04/2018;murder;-95,42624;29,96421
08/06/2018;murder;-95,37732;29,7271
08/07/2018;murder;-95,38777;29,95297
08/08/2018;murder;-95,46762;29,59057
8/13/2018;murder;-95,60484;29,71695
8/14/2018;murder;-95,31181;29,71183
8/14/2018;murder;-95,45168;29,67313
8/15/2018;murder;-95,31181;29,71183
8/17/2018;murder;-95,42523;29,88513
8/17/2018;murder;-95,52605;29,79891
8/17/2018;murder;-95,32494;29,6369
8/18/2018;murder;-95,5194;29,71456
8/20/2018;murder;-95,56367;29,67433
8/21/2018;murder;-95,50272;29,65625
8/22/2018;murder;-95,56197;29,72849
8/25/2018;murder;-95,50848;29,65439
8/28/2018;murder;-95,51421;29,84041
8/28/2018;murder;-95,55846;29,73896
8/29/2018;murder;-95,39275;29,8249
8/29/2018;murder;-95,29672;29,71335
07/05/2018;aggravated assault;-95,36327;29,76328
03/08/2018;aggravated assault;-95,52129;29,78764
7/21/2018;aggravated assault;-95,53411;29,67638
7/21/2018;aggravated assault;-95,44029;29,70382
04/01/2018;aggravated assault;-95,36773;29,66934
6/21/2018;aggravated assault;-95,37546;29,69373
1/20/2018;aggravated assault;-95,50524;29,83038
3/25/2018;aggravated assault;-95,31292;29,86856
01/05/2018;aggravated assault;-95,38621;29,7468
5/24/2018;aggravated assault;-95,4888;29,70384
01/08/2018;aggravated assault;-95,47645;29,71112
4/26/2018;aggravated assault;-95,29321;29,76917
4/20/2018;aggravated assault;-95,50316;29,6395
5/30/2018;aggravated assault;-95,39257;29,74466
03/09/2018;aggravated assault;-95,46356;29,80866
06/08/2018;aggravated assault;-95,56786;29,68895
06/09/2018;aggravated assault;-95,09949;29,54729
8/20/2018;aggravated assault;-95,36313;29,77828
2/24/2018;aggravated assault;-95,42386;29,60295
06/11/2018;aggravated assault;-95,36744;29,75545
8/27/2018;aggravated assault;-95,50457;29,85315
03/04/2018;aggravated assault;-95,46433;29,58394
04/11/2018;aggravated assault;-95,36221;29,85508
03/01/2018;aggravated assault;-95,40715;29,77199
1/25/2018;aggravated assault;-95,33102;29,7852
7/28/2018;aggravated assault;-95,40947;29,7718
08/03/2018;aggravated assault;-95,33731;29,66446
6/13/2018;aggravated assault;-95,28278;29,85018
6/23/2018;aggravated assault;-95,46132;29,74764
08/11/2018;aggravated assault;-95,61886;29,71898
2/25/2018;aggravated assault;-95,42566;29,8084
5/26/2018;aggravated assault;-95,44896;29,66664
02/07/2018;aggravated assault;-95,36059;29,68004
2/26/2018;aggravated assault;-95,34364;29,81691
05/02/2018;aggravated assault;-95,22018;29,77575
4/24/2018;aggravated assault;-95,44431;29,73974
5/13/2018;aggravated assault;-95,53007;29,73341
6/27/2018;aggravated assault;-95,35876;29,74715
08/09/2018;aggravated assault;-95,31652;29,85884
2/14/2018;aggravated assault;-95,52475;29,79293
4/25/2018;aggravated assault;-95,49206;29,72612
04/05/2018;aggravated assault;-95,36387;29,68888
4/27/2018;aggravated assault;-95,36751;29,73313
1/20/2018;aggravated assault;-95,55906;29,68975
6/24/2018;aggravated assault;-95,40086;29,76901
8/28/2018;aggravated assault;-95,33956;29,82204
02/09/2018;aggravated assault;-95,24996;29,61933
6/14/2018;aggravated assault;-95,30943;29,66598
8/28/2018;aggravated assault;-95,36815;29,80706
1/15/2018;aggravated assault;-95,24126;29,62083
7/31/2018;aggravated assault;-95,55339;29,96533
4/25/2018;aggravated assault;-95,41512;29,87383
1/21/2018;aggravated assault;-95,50404;29,71265
8/14/2018;aggravated assault;-95,39516;29,95054
4/15/2018;aggravated assault;-95,5774;29,67327
05/05/2018;aggravated assault;-95,50364;29,68949
03/06/2018;aggravated assault;-95,44835;29,85259
01/01/2018;aggravated assault;-95,52475;29,79293
07/11/2018;aggravated assault;-95,2244;29,62038
7/15/2018;aggravated assault;-95,32224;29,79643
06/12/2018;aggravated assault;-95,5315;29,73765
05/12/2018;aggravated assault;-95,38066;29,78887
3/28/2018;aggravated assault;-95,48138;29,82146
7/16/2018;aggravated assault;-95,54779;29,67559
8/25/2018;aggravated assault;-95,28688;29,70042
04/04/2018;aggravated assault;-95,47524;29,73159
4/23/2018;aggravated assault;-95,31159;29,87088
7/14/2018;aggravated assault;-95,50906;29,66087
1/16/2018;aggravated assault;-95,38783;29,79201
03/12/2018;aggravated assault;-95,35498;29,7326
02/02/2018;aggravated assault;-95,3561;29,66746
6/14/2018;aggravated assault;-95,26047;29,68513
6/26/2018;aggravated assault;-95,39319;29,82352
04/06/2018;aggravated assault;-95,50881;29,67839
8/29/2018;aggravated assault;-95,54721;29,72887
01/11/2018;aggravated assault;-95,35671;29,72986
07/09/2018;aggravated assault;-95,26627;29,85487
5/18/2018;aggravated assault;-95,50446;29,82271
2/14/2018;aggravated assault;-95,3501;29,82143
3/27/2018;aggravated assault;-95,48498;29,72007
04/05/2018;aggravated assault;-95,49189;29,71642
2/23/2018;aggravated assault;-95,36553;29,68529
7/26/2018;aggravated assault;-95,5642;29,6893
7/17/2018;aggravated assault;-95,36075;29,70227
08/02/2018;aggravated assault;-95,35457;29,81101
3/13/2018;aggravated assault;-95,38466;29,85999
06/07/2018;aggravated assault;-95,26244;29,85066
07/07/2018;aggravated assault;-95,42586;29,6298
3/13/2018;aggravated assault;-95,31154;29,78031
5/13/2018;aggravated assault;-95,3615;29,77591
4/20/2018;aggravated assault;-95,29574;29,81789
7/18/2018;aggravated assault;-95,42312;29,88239
7/29/2018;aggravated assault;-95,55856;29,75972
02/10/2018;aggravated assault;-95,50614;29,86303
08/03/2018;aggravated assault;-95,11481;29,56648
3/16/2018;aggravated assault;-95,55224;29,69836
07/02/2018;aggravated assault;-95,48533;29,80752
03/06/2018;aggravated assault;-95,37238;29,74766
3/14/2018;aggravated assault;-95,54774;29,71217
03/09/2018;aggravated assault;-95,35127;29,76292
1/23/2018;aggravated assault;-95,34693;29,80844
7/14/2018;aggravated assault;-95,19706;29,59556
2/13/2018;aggravated assault;-95,55231;29,70024
1/15/2018;aggravated assault;-95,28312;29,82385
4/22/2018;aggravated assault;-95,2495;29,64893
8/23/2018;aggravated assault;-95,52616;29,69192
3/27/2018;aggravated assault;-95,32316;29,74334
04/07/2018;aggravated assault;-95,38578;29,76038
08/12/2018;aggravated assault;-95,16755;30,06194
05/06/2018;aggravated assault;-95,50856;29,6584
03/11/2018;aggravated assault;-95,22954;29,62182
05/08/2018;aggravated assault;-95,39828;29,73449
7/20/2018;aggravated assault;-95,60886;29,7107
7/16/2018;aggravated assault;-95,26305;29,65473
7/23/2018;aggravated assault;-95,54561;29,72375
3/19/2018;aggravated assault;-95,37541;29,87015
6/27/2018;aggravated assault;-95,60466;29,70609
05/02/2018;aggravated assault;-95,3757;29,77149
4/18/2018;aggravated assault;-95,27525;29,83617
04/12/2018;aggravated assault;-95,22018;29,77575
1/15/2018;aggravated assault;-95,55253;29,84335
05/07/2018;aggravated assault;-95,38144;29,73448
03/09/2018;aggravated assault;-95,34311;29,86234
4/18/2018;aggravated assault;-95,48124;29,651
01/01/2018;aggravated assault;-95,28921;29,83943
02/02/2018;aggravated assault;-95,3377;29,82893
08/03/2018;aggravated assault;-95,42568;29,77748
7/31/2018;aggravated assault;-95,38777;29,95297
02/03/2018;aggravated assault;-95,42125;29,68758
01/04/2018;aggravated assault;-95,58198;29,65893
05/02/2018;aggravated assault;-95,2821;29,80614
1/30/2018;aggravated assault;-95,26548;29,67233
8/22/2018;aggravated assault;-95,28101;29,71065
04/10/2018;aggravated assault;-95,42685;29,88356
1/27/2018;aggravated assault;-95,36585;29,65163
05/09/2018;aggravated assault;-95,53077;29,6561
3/23/2018;aggravated assault;-95,51435;29,85406
3/20/2018;aggravated assault;-95,50649;29,6564
3/21/2018;aggravated assault;-95,3455;29,81023
06/08/2018;aggravated assault;-95,33104;29,81889
06/09/2018;aggravated assault;-95,25547;29,73958
2/27/2018;aggravated assault;-95,50842;29,65609
5/24/2018;aggravated assault;-95,37052;29,64758
5/19/2018;aggravated assault;-95,53731;29,7212
04/11/2018;aggravated assault;-95,44518;29,81178
02/01/2018;aggravated assault;-95,48559;29,73922
4/25/2018;aggravated assault;-95,38777;29,95297
5/18/2018;aggravated assault;-95,35306;29,65806
3/24/2018;aggravated assault;-95,3176;29,84813
3/13/2018;aggravated assault;-95,4133;29,77047
6/22/2018;aggravated assault;-95,37251;29,84978
03/08/2018;aggravated assault;-95,61359;29,6928
7/23/2018;aggravated assault;-95,55149;29,68436
05/06/2018;aggravated assault;-95,26208;29,83042
6/21/2018;aggravated assault;-95,28743;29,68713
4/25/2018;aggravated assault;-95,42601;29,61655
4/18/2018;aggravated assault;-95,43464;29,96812
4/28/2018;aggravated assault;-95,27716;29,66907
6/19/2018;aggravated assault;-95,35515;29,71722
6/19/2018;aggravated assault;-95,55231;29,70024
07/08/2018;aggravated assault;-95,42854;29,89196
03/02/2018;aggravated assault;-95,58302;29,73668
5/31/2018;aggravated assault;-95,55854;29,66768
5/16/2018;aggravated assault;-95,36214;29,83
5/26/2018;aggravated assault;-95,35342;29,7342
8/24/2018;aggravated assault;-95,46302;29,66771
3/13/2018;aggravated assault;-95,31513;29,85218
08/12/2018;aggravated assault;-95,29387;29,99803
6/18/2018;aggravated assault;-95,39679;29,83142
1/29/2018;aggravated assault;-95,31869;29,79501
05/05/2018;aggravated assault;-95,45921;29,87674
6/26/2018;aggravated assault;-95,35152;29,77551
8/22/2018;aggravated assault;-95,3756;29,83741
04/05/2018;aggravated assault;-95,46668;29,88406
2/22/2018;aggravated assault;-95,1066;29,59464
7/26/2018;aggravated assault;-95,36843;29,68749
4/29/2018;aggravated assault;-95,61489;29,70434
6/20/2018;aggravated assault;-95,53883;29,75039
6/19/2018;aggravated assault;-95,49524;29,70845
03/02/2018;aggravated assault;-95,36255;29,66785
1/29/2018;aggravated assault;-95,46901;29,85805
4/21/2018;aggravated assault;-95,40626;29,73549
2/14/2018;aggravated assault;-95,55376;29,68919
6/14/2018;aggravated assault;-95,59184;29,73083
04/06/2018;aggravated assault;-95,51857;29,79882
02/07/2018;aggravated assault;-95,33586;29,78866
5/13/2018;aggravated assault;-95,41263;29,68952
2/24/2018;aggravated assault;-95,35964;29,73168
4/18/2018;aggravated assault;-95,27121;29,69226
06/05/2018;aggravated assault;-95,41494;29,71618
08/03/2018;aggravated assault;-95,3445;29,62218
2/28/2018;aggravated assault;-95,39602;29,68353
5/30/2018;aggravated assault;-95,33399;29,64768
6/24/2018;aggravated assault;-95,50934;29,69248
7/23/2018;aggravated assault;-95,53155;29,68843
3/19/2018;aggravated assault;-95,25886;29,85425
07/04/2018;aggravated assault;-95,35201;29,76754
07/04/2018;aggravated assault;-95,54415;29,78146
03/10/2018;aggravated assault;-95,54131;29,67601
8/28/2018;aggravated assault;-95,38853;29,78163
8/18/2018;aggravated assault;-95,51747;29,70529
7/21/2018;aggravated assault;-95,34289;29,66798
03/12/2018;aggravated assault;-95,41918;29,68094
05/02/2018;aggravated assault;-95,313;29,83091
6/13/2018;aggravated assault;-95,68829;29,79451
02/07/2018;aggravated assault;-95,33575;29,77741
04/06/2018;aggravated assault;-95,39247;29,81308
4/16/2018;aggravated assault;-95,4654;29,80668
08/11/2018;aggravated assault;-95,37697;29,75889
05/06/2018;aggravated assault;-95,49206;29,72612
5/16/2018;aggravated assault;-95,31827;29,7729
8/20/2018;aggravated assault;-95,4959;29,72881
1/23/2018;aggravated assault;-95,38135;29,75597
8/24/2018;aggravated assault;-95,51151;29,71311
06/05/2018;aggravated assault;-95,40063;29,6935
05/10/2018;aggravated assault;-95,58769;29,7794
3/31/2018;aggravated assault;-95,45977;29,87615
5/28/2018;aggravated assault;-95,59654;29,67638
06/09/2018;aggravated assault;-95,33339;29,79665
08/04/2018;aggravated assault;-95,41247;29,74257
5/17/2018;aggravated assault;-95,3377;29,82893
07/03/2018;aggravated assault;-95,40794;29,83
5/27/2018;aggravated assault;-95,28597;29,73119
7/28/2018;aggravated assault;-95,43944;29,94292
02/10/2018;aggravated assault;-95,41806;29,85962
4/14/2018;aggravated assault;-95,4379;29,70111
2/21/2018;aggravated assault;-95,36697;29,69846
1/20/2018;aggravated assault;-95,54934;29,69063
08/07/2018;aggravated assault;-95,5642;29,6893
3/26/2018;aggravated assault;-95,35584;29,7201
04/12/2018;aggravated assault;-95,48909;29,72362
02/07/2018;aggravated assault;-95,47638;29,71291
8/25/2018;aggravated assault;-95,47811;29,68052
5/22/2018;aggravated assault;-95,20289;29,76417
7/31/2018;aggravated assault;-95,25525;29,85606
5/22/2018;aggravated assault;-95,36713;29,73024
06/10/2018;aggravated assault;-95,60146;29,71433
6/21/2018;aggravated assault;-95,57112;29,66707
04/09/2018;aggravated assault;-95,25568;29,74163
03/04/2018;aggravated assault;-95,38957;29,81647
04/01/2018;aggravated assault;-95,31154;29,77559
02/07/2018;aggravated assault;-95,2342;29,60532
08/06/2018;aggravated assault;-95,32938;29,79533
3/19/2018;aggravated assault;-95,61625;29,69713
04/12/2018;aggravated assault;-95,42618;29,94425
06/04/2018;aggravated assault;-95,40627;29,77901
05/08/2018;aggravated assault;-95,49543;29,63994
04/02/2018;aggravated assault;-95,24149;29,64461
8/29/2018;aggravated assault;-95,35498;29,7381
7/30/2018;aggravated assault;-95,65813;29,72692
2/17/2018;aggravated assault;-95,33343;29,78172
2/19/2018;aggravated assault;-95,48135;29,72012
3/29/2018;aggravated assault;-95,36804;29,67702
05/10/2018;aggravated assault;-95,3742;29,7485
05/09/2018;aggravated assault;-95,33036;29,8374
08/07/2018;aggravated assault;-95,11481;29,56648
01/04/2018;aggravated assault;-95,65813;29,72692
07/12/2018;aggravated assault;-95,50567;29,67596
02/07/2018;aggravated assault;-95,29278;29,82585
3/16/2018;aggravated assault;-95,53826;29,70637
03/12/2018;aggravated assault;-95,41195;29,92554
02/05/2018;aggravated assault;-95,52071;29,72827
8/23/2018;aggravated assault;-95,56933;29,68627
03/11/2018;aggravated assault;-95,33893;29,67125
1/14/2018;aggravated assault;-95,31914;29,64545
6/26/2018;aggravated assault;-95,46795;29,79285
8/17/2018;aggravated assault;-95,22267;29,77572
8/28/2018;aggravated assault;-95,47177;29,84626
7/25/2018;aggravated assault;-95,29225;29,71728
6/16/2018;aggravated assault;-95,33751;29,75156
8/19/2018;aggravated assault;-95,34567;29,67809
7/17/2018;aggravated assault;-95,52136;29,7848
1/24/2018;aggravated assault;-95,35291;29,85912
3/29/2018;aggravated assault;-95,31084;29,7094
3/25/2018;aggravated assault;-95,52007;29,79694
6/14/2018;aggravated assault;-95,33403;29,87101
5/16/2018;aggravated assault;-95,24315;29,60416
3/15/2018;aggravated assault;-95,54988;29,66876
03/10/2018;aggravated assault;-95,50169;29,64468
01/02/2018;aggravated assault;-95,5512;29,83824
05/01/2018;aggravated assault;-95,33424;29,78364
3/24/2018;aggravated assault;-95,57855;29,74784
5/31/2018;aggravated assault;-95,24917;29,65149
6/17/2018;aggravated assault;-95,51953;29,72598
04/12/2018;aggravated assault;-95,35158;29,79407
03/02/2018;aggravated assault;-95,35387;29,80255
5/15/2018;aggravated assault;-95,38926;29,74674
6/15/2018;aggravated assault;-95,43089;29,61756
04/11/2018;aggravated assault;-95,52908;29,72755
4/17/2018;aggravated assault;-95,39756;29,79238
07/02/2018;aggravated assault;-95,23462;29,62132
3/14/2018;aggravated assault;-95,22018;29,77575
1/28/2018;aggravated assault;-95,55377;29,67629
04/02/2018;aggravated assault;-95,46077;29,80685
06/08/2018;aggravated assault;-95,52607;29,64573
5/24/2018;aggravated assault;-95,43972;29,74173
01/09/2018;aggravated assault;-95,33356;29,79573
01/08/2018;aggravated assault;-95,5137;29,71536
05/04/2018;aggravated assault;-95,32128;29,66885
5/23/2018;aggravated assault;-95,35888;29,66527
8/13/2018;aggravated assault;-95,43575;29,67085
3/14/2018;aggravated assault;-95,38714;29,87668
1/28/2018;aggravated assault;-95,41845;29,71523
04/08/2018;aggravated assault;-95,29937;29,95217
6/19/2018;aggravated assault;-95,34468;29,69019
1/25/2018;aggravated assault;-95,57864;29,6594
02/06/2018;aggravated assault;-95,40185;29,86235
08/05/2018;aggravated assault;-95,46894;29,84033
7/22/2018;aggravated assault;-95,27527;29,71469
7/18/2018;aggravated assault;-95,53886;29,70825
03/06/2018;aggravated assault;-95,30166;29,73774
7/30/2018;aggravated assault;-95,4241;29,62983
06/12/2018;aggravated assault;-95,5137;29,71536
4/25/2018;aggravated assault;-95,32654;29,78928
6/13/2018;aggravated assault;-95,33956;29,63062
3/13/2018;aggravated assault;-95,36432;29,68971
05/07/2018;aggravated assault;-95,27863;29,84989
3/31/2018;aggravated assault;-95,40299;29,84911
4/27/2018;aggravated assault;-95,3377;29,82893
3/25/2018;aggravated assault;-95,3419;29,7844
5/16/2018;aggravated assault;-95,33893;29,70272
4/26/2018;aggravated assault;-95,25628;29,74849
3/18/2018;aggravated assault;-95,26008;29,67477
5/21/2018;aggravated assault;-95,32968;29,77338
8/31/2018;aggravated assault;-95,24149;29,64461
2/14/2018;aggravated assault;-95,31912;29,76794
4/23/2018;aggravated assault;-95,36014;29,72599
3/25/2018;aggravated assault;-95,48042;29,87044
04/06/2018;aggravated assault;-95,40086;29,76901
05/07/2018;aggravated assault;-95,42178;29,77792
6/23/2018;aggravated assault;-95,48998;29,71643
3/28/2018;aggravated assault;-95,52805;29,65576
1/21/2018;aggravated assault;-95,3615;29,77591
08/07/2018;aggravated assault;-95,26244;29,66799
02/01/2018;aggravated assault;-95,37378;29,85362
07/10/2018;aggravated assault;-95,37784;29,7593
5/17/2018;aggravated assault;-95,5524;29,68004
03/04/2018;aggravated assault;-95,42207;29,70439
06/06/2018;aggravated assault;-95,31461;29,61284
8/22/2018;aggravated assault;-95,57157;29,71523
6/19/2018;aggravated assault;-95,18735;30,06349
6/18/2018;aggravated assault;-95,46484;29,84107
08/01/2018;aggravated assault;-95,35635;29,66602
02/08/2018;aggravated assault;-95,53212;29,79003
8/31/2018;aggravated assault;-95,39267;29,82286
3/29/2018;aggravated assault;-95,35236;29,84795
7/24/2018;aggravated assault;-95,42493;29,68124
06/07/2018;aggravated assault;-95,36401;29,73652
06/04/2018;aggravated assault;-95,55495;29,67092
08/03/2018;aggravated assault;-95,47638;29,72756
2/25/2018;aggravated assault;-95,36231;29,74267
01/09/2018;aggravated assault;-95,25272;29,8508
8/16/2018;aggravated assault;-95,33263;29,6755
3/16/2018;aggravated assault;-95,40909;29,60145
07/05/2018;aggravated assault;-95,35071;29,87096
02/11/2018;aggravated assault;-95,44588;29,61566
02/08/2018;aggravated assault;-95,55197;29,68728
7/20/2018;aggravated assault;-95,53269;29,67452
03/01/2018;aggravated assault;-95,35068;29,78463
3/13/2018;aggravated assault;-95,32505;29,68705
3/14/2018;aggravated assault;-95,4071;29,92513
2/26/2018;aggravated assault;-95,36869;29,84611
05/08/2018;aggravated assault;-95,35647;29,66189
07/04/2018;aggravated assault;-95,5788;29,79371
6/13/2018;aggravated assault;-95,55016;29,69381
6/24/2018;aggravated assault;-95,37808;29,73713
07/12/2018;aggravated assault;-95,60887;29,87956
07/02/2018;aggravated assault;-95,31583;29,86403
06/07/2018;aggravated assault;-95,25522;29,7366
01/09/2018;aggravated assault;-95,2598;29,86399
5/29/2018;aggravated assault;-95,58784;29,67038
05/03/2018;aggravated assault;-95,463;29,66776
07/03/2018;aggravated assault;-95,55771;29,69048
02/10/2018;aggravated assault;-95,40401;29,77159
07/10/2018;aggravated assault;-95,29019;29,70639
05/07/2018;aggravated assault;-95,40706;29,73354
7/28/2018;aggravated assault;-95,25525;29,73743
07/03/2018;aggravated assault;-95,38554;29,6577
07/12/2018;aggravated assault;-95,33809;29,66291
7/14/2018;aggravated assault;-95,58462;29,6978
5/16/2018;aggravated assault;-95,34643;29,6682
2/26/2018;aggravated assault;-95,24275;29,65013
06/07/2018;aggravated assault;-95,37554;29,72784
7/19/2018;aggravated assault;-95,35489;29,7259
08/01/2018;aggravated assault;-95,35457;29,81101
3/22/2018;aggravated assault;-95,55864;29,68513
6/24/2018;aggravated assault;-95,36691;29,72907
8/20/2018;aggravated assault;-95,67564;29,78564
03/07/2018;aggravated assault;-95,35557;29,6248
06/06/2018;aggravated assault;-95,35644;29,67629
1/17/2018;aggravated assault;-95,39514;29,84907
02/07/2018;aggravated assault;-95,33329;29,67841
1/23/2018;aggravated assault;-95,59407;29,77706
02/12/2018;aggravated assault;-95,26244;29,66799
4/15/2018;aggravated assault;-95,55438;29,6894
7/21/2018;aggravated assault;-95,45492;29,60312
08/01/2018;aggravated assault;-95,36969;29,81196
05/02/2018;aggravated assault;-95,26627;29,85487
01/01/2018;rape;-95,48498;29,72007
01/01/2018;rape;-95,34817;29,75505
01/01/2018;rape;-95,47353;29,60021
01/01/2018;rape;-95,48174;29,72603
01/02/2018;rape;-95,55224;29,69836
01/02/2018;rape;-95,25535;29,74147
01/05/2018;rape;-95,61056;29,72749
01/05/2018;rape;-95,50873;29,64767
01/07/2018;rape;-95,42754;29,7996
01/07/2018;rape;-95,38306;29,76288
01/08/2018;rape;-95,26217;29,83651
01/10/2018;rape;-95,4122;29,90564
01/10/2018;rape;-95,34872;29,8377
01/10/2018;rape;-95,39971;29,94574
01/11/2018;rape;-95,28371;29,67586
01/11/2018;rape;-95,38237;29,73506
01/12/2018;rape;-95,40146;29,72786
01/12/2018;rape;-95,36928;29,73051
1/13/2018;rape;-95,37266;29,69691
1/15/2018;rape;-95,51165;29,58656
1/16/2018;rape;-95,40146;29,72786
1/16/2018;rape;-95,59291;29,78856
1/18/2018;rape;-95,39862;29,9439
1/19/2018;rape;-95,24874;29,69555
1/19/2018;rape;-95,27659;29,68737
1/20/2018;rape;-95,3581;29,72763
1/21/2018;rape;-95,39389;29,71144
1/22/2018;rape;-95,501;29,71534
1/22/2018;rape;-95,22018;29,77575
1/22/2018;rape;-95,4204;29,86949
1/23/2018;rape;-95,23954;29,6109
1/24/2018;rape;-95,42283;29,70193
1/24/2018;rape;-95,38096;29,73836
1/24/2018;rape;-95,52256;29,82444
1/24/2018;rape;-95,56882;29,6648
1/25/2018;rape;-95,2773;29,67366
1/27/2018;rape;-95,54602;29,70719
1/27/2018;rape;-95,34138;29,79374
1/28/2018;rape;-95,40146;29,72786
1/29/2018;rape;-95,51435;29,85406
1/30/2018;rape;-95,59714;29,78293
1/31/2018;rape;-95,21596;29,77325
02/01/2018;rape;-95,48853;29,73538
02/03/2018;rape;-95,53895;29,709
02/03/2018;rape;-95,37585;29,83477
02/05/2018;rape;-95,15183;29,58206
02/05/2018;rape;-95,5012;29,72538
02/06/2018;rape;-95,37176;29,74513
02/06/2018;rape;-95,36241;29,73144
02/06/2018;rape;-95,34993;29,61216
02/07/2018;rape;-95,74364;29,98886
02/08/2018;rape;-95,55136;29,64672
02/08/2018;rape;-95,51804;29,71192
02/08/2018;rape;-95,60606;29,70608
02/09/2018;rape;-95,55532;29,66773
02/09/2018;rape;-95,61244;29,71665
02/09/2018;rape;-95,2925;29,88437
02/09/2018;rape;-95,39516;29,95054
02/09/2018;rape;-95,36327;29,76328
02/10/2018;rape;-95,42283;29,70193
02/11/2018;rape;-95,54054;29,64591
02/11/2018;rape;-95,43356;29,87907
02/11/2018;rape;-95,41024;29,94881
2/13/2018;rape;-95,65126;29,78541
2/13/2018;rape;-95,33281;29,82916
2/13/2018;rape;-95,61656;29,71761
2/13/2018;rape;-95,55579;29,71181
2/14/2018;rape;-95,55216;29,69495
2/14/2018;rape;-95,52908;29,72755
2/15/2018;rape;-95,43861;29,61083
2/15/2018;rape;-95,5012;29,73773
2/16/2018;rape;-95,29177;29,78295
2/17/2018;rape;-95,51824;29,68206
2/19/2018;rape;-95,42087;29,68043
2/19/2018;rape;-95,50737;29,74002
2/20/2018;rape;-95,35561;29,65238
2/20/2018;rape;-95,71507;29,77884
2/20/2018;rape;-95,47224;29,59481
2/20/2018;rape;-95,31911;29,84856
2/21/2018;rape;-95,44628;29,81786
2/21/2018;rape;-95,24833;30,03715
2/21/2018;rape;-95,38911;29,82086
2/22/2018;rape;-95,27171;29,69032
2/22/2018;rape;-95,37053;29,66862
2/23/2018;rape;-95,41195;29,92554
2/25/2018;rape;-95,35328;29,79404
2/25/2018;rape;-95,36007;29,80323
2/26/2018;rape;-95,30948;29,78403
2/26/2018;rape;-95,50524;29,83038
2/26/2018;rape;-95,50118;29,73773
2/26/2018;rape;-95,46733;29,7369
2/27/2018;rape;-95,12594;29,57232
2/27/2018;rape;-95,27118;29,61329
2/28/2018;rape;-95,45521;29,68926
2/28/2018;rape;-95,52672;29,8608
03/01/2018;rape;-95,30419;29,83487
03/02/2018;rape;-95,5012;29,73773
03/03/2018;rape;-95,30591;29,7437
03/04/2018;rape;-95,24638;29,78079
03/05/2018;rape;-95,37414;29,78738
03/06/2018;rape;-95,42808;29,87523
03/06/2018;rape;-95,49808;29,70887
03/07/2018;rape;-95,32719;29,75373
03/08/2018;rape;-95,31358;29,93452
03/08/2018;rape;-95,56081;29,67109
03/08/2018;rape;-95,30429;29,7785
03/08/2018;rape;-95,48673;29,78091
03/09/2018;rape;-95,39671;29,82564
03/09/2018;rape;-95,54415;29,78146
03/10/2018;rape;-95,36229;29,75424
03/11/2018;rape;-95,28893;29,64014
03/12/2018;rape;-95,52632;29,6556
03/12/2018;rape;-95,31442;29,7433
3/13/2018;rape;-95,32905;29,73618
3/15/2018;rape;-95,45758;29,85527
3/18/2018;rape;-95,33051;29,84865
3/22/2018;rape;-95,47681;29,72921
3/22/2018;rape;-95,49653;29,73835
3/23/2018;rape;-95,36327;29,76328
3/24/2018;rape;-95,52616;29,69192
3/24/2018;rape;-95,52616;29,69192
3/24/2018;rape;-95,39894;29,71218
3/25/2018;rape;-95,33463;29,64841
3/25/2018;rape;-95,55271;29,81323
3/26/2018;rape;-95,5037;29,66329
3/26/2018;rape;-95,35206;29,8238
3/28/2018;rape;-95,40381;29,82864
3/28/2018;rape;-95,59063;29,73797
3/30/2018;rape;-95,40517;29,8272
3/31/2018;rape;-95,57628;29,7423
04/01/2018;rape;-95,30509;29,81714
04/02/2018;rape;-95,31358;29,93452
04/03/2018;rape;-95,36837;29,74508
04/04/2018;rape;-95,28429;29,8292
04/04/2018;rape;-95,60655;29,73629
04/05/2018;rape;-95,22704;29,64025
04/05/2018;rape;-95,37446;29,72254
04/05/2018;rape;-95,4241;29,62983
04/05/2018;rape;-95,50587;29,85628
04/05/2018;rape;-95,4493;29,67315
04/06/2018;rape;-95,39917;29,82827
04/07/2018;rape;-95,51076;29,72942
04/07/2018;rape;-95,55906;29,6748
04/08/2018;rape;-95,48983;29,73335
04/09/2018;rape;-95,22141;29,64755
04/10/2018;rape;-95,24801;29,68051
04/11/2018;rape;-95,31127;29,64863
04/12/2018;rape;-95,35604;29,81567
04/12/2018;rape;-95,43778;29,97556
04/12/2018;rape;-95,33051;29,84865
4/13/2018;rape;-95,38088;29,73284
4/17/2018;rape;-95,2978;29,6783
4/18/2018;rape;-95,19131;29,58676
4/18/2018;rape;-95,52638;29,72913
4/18/2018;rape;-95,20886;29,58341
4/18/2018;rape;-95,48408;29,589
4/19/2018;rape;-95,42352;29,96065
4/19/2018;rape;-95,33237;29,86363
4/20/2018;rape;-95,55509;29,68434
4/20/2018;rape;-95,51636;29,82114
4/20/2018;rape;-95,29166;29,86443
4/21/2018;rape;-95,49085;29,65731
4/21/2018;rape;-95,45435;29,81938
4/22/2018;rape;-95,37425;29,70156
4/22/2018;rape;-95,50168;29,66675
4/23/2018;rape;-95,5104;29,71891
4/23/2018;rape;-95,45395;29,63359
4/24/2018;rape;-95,49226;29,8333
4/25/2018;rape;-95,54619;29,7339
4/26/2018;rape;-95,35847;29,69538
4/26/2018;rape;-95,46483;29,60039
4/27/2018;rape;-95,43575;29,67085
4/27/2018;rape;-95,52011;29,71547
4/27/2018;rape;-95,21083;29,76743
4/29/2018;rape;-95,43944;29,94292
4/30/2018;rape;-95,37843;29,64613
4/30/2018;rape;-95,31171;29,7989
4/30/2018;rape;-95,52616;29,69192
05/01/2018;rape;-95,39472;29,8114
05/01/2018;rape;-95,35306;29,65806
05/03/2018;rape;-95,3564;29,75015
05/03/2018;rape;-95,26047;29,83976
05/04/2018;rape;-95,50507;29,67092
05/04/2018;rape;-95,12623;29,56108
05/05/2018;rape;-95,30843;29,86631
05/07/2018;rape;-95,55499;29,67311
05/08/2018;rape;-95,50524;29,83038
05/08/2018;rape;-95,77145;29,69187
05/08/2018;rape;-95,20886;29,58341
05/09/2018;rape;-95,47954;29,63317
05/09/2018;rape;-95,48124;29,651
05/10/2018;rape;-95,36327;29,76328
05/10/2018;rape;-95,27808;29,83948
05/11/2018;rape;-95,46067;29,82406
05/12/2018;rape;-95,32369;29,8133
5/13/2018;rape;-95,54249;29,87075
5/13/2018;rape;-95,33241;29,84879
5/14/2018;rape;-95,36294;29,74187
5/14/2018;rape;-95,40063;29,6935
5/14/2018;rape;-95,26305;29,65473
5/14/2018;rape;-95,56513;29,65388
5/14/2018;rape;-95,45521;29,80717
5/15/2018;rape;-95,31717;29,68937
5/16/2018;rape;-95,46978;29,58236
5/16/2018;rape;-95,49307;29,7119
5/17/2018;rape;-95,36232;29,6605
5/17/2018;rape;-95,24036;29,62483
5/18/2018;rape;-95,489;29,71872
5/19/2018;rape;-95,68829;29,79451
5/19/2018;rape;-95,50135;29,65663
5/20/2018;rape;-95,55494;29,66956
5/21/2018;rape;-95,41918;29,63241
5/21/2018;rape;-95,53342;29,72475
5/22/2018;rape;-95,533;29,66955
5/22/2018;rape;-95,32973;29,80569
5/22/2018;rape;-95,4937;29,60042
5/23/2018;rape;-95,50411;29,67651
5/23/2018;rape;-95,1766;29,7858
5/24/2018;rape;-95,43133;29,82829
5/24/2018;rape;-95,56073;29,67008
5/24/2018;rape;-95,43112;29,8441
5/24/2018;rape;-95,36817;29,83591
5/25/2018;rape;-95,4914;29,63942
5/25/2018;rape;-95,4071;29,92513
5/25/2018;rape;-95,36697;29,76261
5/25/2018;rape;-95,25665;29,84061
5/25/2018;rape;-95,35329;29,67585
5/26/2018;rape;-95,40063;29,6935
5/27/2018;rape;-95,56386;29,67509
5/28/2018;rape;-95,22316;29,78389
5/28/2018;rape;-95,33099;29,78377
5/29/2018;rape;-95,35228;29,66868
5/29/2018;rape;-95,50927;29,8299
5/30/2018;rape;-95,37648;29,72952
5/30/2018;rape;-95,51407;29,72749
5/30/2018;rape;-95,36744;29,75545
5/30/2018;rape;-95,36327;29,76328
06/02/2018;rape;-95,36173;29,67483
06/02/2018;rape;-95,60993;29,7579
06/02/2018;rape;-95,60037;29,77144
06/03/2018;rape;-95,53763;29,67622
06/04/2018;rape;-95,63365;29,7328
06/04/2018;rape;-95,58968;29,93009
06/05/2018;rape;-95,52287;29,79837
06/05/2018;rape;-95,38935;29,93745
06/06/2018;rape;-95,39504;29,9473
06/07/2018;rape;-95,33101;29,81348
06/07/2018;rape;-95,32369;29,8133
06/08/2018;rape;-95,5167;29,85101
06/08/2018;rape;-95,56687;29,77899
06/09/2018;rape;-95,36863;29,68754
06/09/2018;rape;-95,36607;29,68955
06/09/2018;rape;-95,4618;29,81965
06/10/2018;rape;-95,27845;29,69902
06/11/2018;rape;-95,27593;29,60835
06/11/2018;rape;-95,54774;29,78119
06/12/2018;rape;-95,23353;29,65265
06/12/2018;rape;-95,55495;29,67092
6/13/2018;rape;-95,4215;29,60888
6/13/2018;rape;-95,5441;29,71375
6/14/2018;rape;-95,40366;29,7711
6/14/2018;rape;-95,5813;29,69222
6/14/2018;rape;-95,61531;29,69884
6/15/2018;rape;-95,32695;29,79346
6/16/2018;rape;-95,21923;29,76495
6/16/2018;rape;-95,39936;29,95063
6/17/2018;rape;-95,51249;29,80993
6/18/2018;rape;-95,40083;29,93178
6/19/2018;rape;-95,55506;29,67505
6/19/2018;rape;-95,57819;29,72795
6/20/2018;rape;-95,43901;29,93838
6/20/2018;rape;-95,27799;29,70402
6/20/2018;rape;-95,2928;29,73725
6/21/2018;rape;-95,57068;29,68956
6/21/2018;rape;-95,12194;29,56951
6/22/2018;rape;-95,47658;29,72073
6/22/2018;rape;-95,53994;29,69071
6/24/2018;rape;-95,37238;29,74766
6/27/2018;rape;-95,22272;29,59416
6/27/2018;rape;-95,39482;29,74395
6/28/2018;rape;-95,558;29,71732
6/28/2018;rape;-95,57661;29,79879
6/30/2018;rape;-95,2277;29,58559
07/01/2018;rape;-95,55438;29,6894
07/01/2018;rape;-95,48554;29,74286
07/02/2018;rape;-95,50753;29,62977
07/02/2018;rape;-95,40947;29,79972
07/02/2018;rape;-95,49321;29,70323
07/02/2018;rape;-95,49705;29,70447
07/02/2018;rape;-95,49304;29,71117
07/03/2018;rape;-95,55906;29,6748
07/03/2018;rape;-95,35294;29,77542
07/03/2018;rape;-95,57116;29,69192
07/03/2018;rape;-95,32992;29,77896
07/05/2018;rape;-95,35817;29,67309
07/05/2018;rape;-95,55999;29,67863
07/06/2018;rape;-95,44035;29,87224
07/07/2018;rape;-95,36108;29,68934
07/07/2018;rape;-95,40496;29,70663
07/08/2018;rape;-95,50272;29,65625
07/10/2018;rape;-95,60606;29,70608
07/10/2018;rape;-95,36606;29,69329
07/12/2018;rape;-95,42013;29,85144
07/12/2018;rape;-95,36732;30,01355
07/12/2018;rape;-95,3937;29,73369
07/12/2018;rape;-95,35629;29,69196
07/12/2018;rape;-95,40752;29,75717
07/12/2018;rape;-95,38181;29,67605
7/13/2018;rape;-95,37119;29,68887
7/14/2018;rape;-95,31899;29,81261
7/14/2018;rape;-95,38662;29,82695
7/15/2018;rape;-95,57628;29,7423
7/15/2018;rape;-95,27171;29,69032
7/16/2018;rape;-95,35764;29,7773
7/16/2018;rape;-95,3655;29,702
7/17/2018;rape;-95,37176;29,74513
7/17/2018;rape;-95,21948;29,781
7/18/2018;rape;-95,24275;29,65013
7/18/2018;rape;-95,38344;29,7971
7/19/2018;rape;-95,46067;29,82406
7/20/2018;rape;-95,2914;29,87554
7/20/2018;rape;-95,21049;29,60092
7/21/2018;rape;-95,48036;29,74126
7/21/2018;rape;-95,36593;29,73338
7/21/2018;rape;-95,31666;29,72336
7/21/2018;rape;-95,42468;29,87379
7/22/2018;rape;-95,35236;29,84795
7/23/2018;rape;-95,35644;29,67629
7/24/2018;rape;-95,3602;29,69313
7/24/2018;rape;-95,65126;29,78541
7/24/2018;rape;-95,11549;29,56095
7/24/2018;rape;-95,22479;29,77747
7/25/2018;rape;-95,52415;29,7942
7/29/2018;rape;-95,4347;29,86185
7/30/2018;rape;-95,47364;29,81891
7/31/2018;rape;-95,38853;29,78163
7/31/2018;rape;-95,60839;29,71523
08/01/2018;rape;-95,2724;29,66042
08/01/2018;rape;-95,28405;29,77791
08/02/2018;rape;-95,50272;29,65625
08/04/2018;rape;-95,25886;29,85425
08/04/2018;rape;-95,39504;29,9473
08/04/2018;rape;-95,60371;29,74779
08/04/2018;rape;-95,52011;29,71547
08/05/2018;rape;-95,48957;29,71709
08/06/2018;rape;-95,5831;29,67128
08/07/2018;rape;-95,40378;29,95043
08/07/2018;rape;-95,56271;29,68332
08/08/2018;rape;-95,5591;29,68659
08/08/2018;rape;-95,36832;29,7419
08/09/2018;rape;-95,26221;29,83883
08/10/2018;rape;-95,26964;29,70161
08/10/2018;rape;-95,51512;29,84997
08/11/2018;rape;-95,57628;29,7423
08/12/2018;rape;-95,34148;29,69675
8/13/2018;rape;-95,38055;29,8556
8/15/2018;rape;-95,55016;29,69381
8/15/2018;rape;-95,35697;29,78789
8/16/2018;rape;-95,53931;29,72854
8/17/2018;rape;-95,37116;29,8702
8/18/2018;rape;-95,63152;29,78462
8/20/2018;rape;-95,30089;29,85093
8/20/2018;rape;-95,24289;29,64451
8/21/2018;rape;-95,34554;29,67053
8/22/2018;rape;-95,37635;29,73845
8/24/2018;rape;-95,55231;29,67523
8/25/2018;rape;-95,33858;29,74664
8/25/2018;rape;-95,37387;29,82844
8/25/2018;rape;-95,45542;29,67601
8/26/2018;rape;-95,29492;29,6851
8/27/2018;rape;-95,25661;29,84864
8/27/2018;rape;-95,07542;29,55739
8/27/2018;rape;-95,55888;29,7957
8/28/2018;rape;-95,38362;29,73338
8/28/2018;rape;-95,39743;29,93559
8/28/2018;rape;-95,17368;30,07666
6/14/2018;burglary;-95,39214;29,94815
8/17/2018;burglary;-95,33103;29,69607
1/20/2018;burglary;-95,55184;29,81716
2/15/2018;burglary;-95,56109;29,75856
08/02/2018;burglary;-95,39736;29,93812
8/31/2018;burglary;-95,47056;29,78474
2/16/2018;burglary;-95,48749;29,83161
3/30/2018;burglary;-95,5584;29,74809
04/11/2018;burglary;-95,5735;29,78616
6/22/2018;burglary;-95,33538;29,78483
5/18/2018;burglary;-95,53774;29,72713
6/30/2018;burglary;-95,28953;29,7043
02/01/2018;burglary;-95,25371;29,65527
7/30/2018;burglary;-95,50515;29,85553
5/17/2018;burglary;-95,45003;29,81733
8/13/2018;burglary;-95,46668;29,88406
03/02/2018;burglary;-95,24675;29,60523
8/27/2018;burglary;-95,53593;29,7006
08/09/2018;burglary;-95,21892;29,77576
8/25/2018;burglary;-95,35534;29,74896
8/20/2018;burglary;-95,55821;29,9569
6/22/2018;burglary;-95,48938;29,68172
04/06/2018;burglary;-95,35682;29,72497
08/12/2018;burglary;-95,38378;29,7476
7/15/2018;burglary;-95,28841;29,70976
3/26/2018;burglary;-95,55558;29,962
08/12/2018;burglary;-95,32494;29,6369
3/26/2018;burglary;-95,38029;29,72158
07/01/2018;burglary;-95,54022;29,79896
8/21/2018;burglary;-95,60699;29,72187
6/26/2018;burglary;-95,26895;29,67262
1/29/2018;burglary;-95,58301;29,65806
2/23/2018;burglary;-95,32032;29,72744
4/14/2018;burglary;-95,32159;29,81551
1/22/2018;burglary;-95,40485;29,93039
1/27/2018;burglary;-95,57756;29,70988
5/18/2018;burglary;-95,51968;29,66164
2/21/2018;burglary;-95,11057;29,60415
06/08/2018;burglary;-95,55373;29,96203
07/02/2018;burglary;-95,35602;29,6508
4/20/2018;burglary;-95,35749;29,72808
8/23/2018;burglary;-95,61173;29,75314
1/18/2018;burglary;-95,21338;29,6467
8/14/2018;burglary;-95,44772;29,59198
4/16/2018;burglary;-95,54267;29,71828
5/25/2018;burglary;-95,55216;29,69495
04/03/2018;burglary;-95,43226;29,61174
7/29/2018;burglary;-95,31105;29,62087
3/20/2018;burglary;-95,5892;29,69499
5/23/2018;burglary;-95,55677;29,65263
06/07/2018;burglary;-95,57628;29,7423
3/24/2018;burglary;-95,44116;29,68709
2/21/2018;burglary;-95,18183;30,07801
5/25/2018;burglary;-95,62451;29,751
8/15/2018;burglary;-95,51245;29,62882
5/24/2018;burglary;-95,49206;29,60797
7/20/2018;burglary;-95,33667;29,67322
8/14/2018;burglary;-95,30791;29,84833
01/01/2018;burglary;-95,48801;29,71648
06/11/2018;burglary;-95,33403;29,87101
4/21/2018;burglary;-95,46816;29,72218
1/31/2018;burglary;-95,45077;29,81413
04/12/2018;burglary;-95,55532;29,66773
06/08/2018;burglary;-95,55373;29,96203
7/30/2018;burglary;-95,24587;29,63794
8/14/2018;burglary;-95,50883;29,64109
01/01/2018;burglary;-95,50785;29,68973
6/24/2018;burglary;-95,42308;29,8174
05/09/2018;burglary;-95,32425;29,8106
5/22/2018;burglary;-95,51554;29,7988
05/06/2018;burglary;-95,60707;29,72747
5/25/2018;burglary;-95,43944;29,94292
02/08/2018;burglary;-95,33814;29,84763
7/29/2018;burglary;-95,62386;29,73669
5/27/2018;burglary;-95,61151;29,733
01/02/2018;burglary;-95,53905;29,79308
8/13/2018;burglary;-95,58073;29,67856
08/03/2018;burglary;-95,31334;29,80397
3/19/2018;burglary;-95,40338;29,69902
01/12/2018;burglary;-95,52402;29,70966
05/07/2018;burglary;-95,3369;29,87351
3/30/2018;burglary;-95,25052;29,84397
2/19/2018;burglary;-95,48776;29,70562
02/08/2018;burglary;-95,4145;29,69441
4/19/2018;burglary;-95,6184;29,75414
06/01/2018;burglary;-95,23065;29,60223
05/08/2018;burglary;-95,36932;29,86235
3/23/2018;burglary;-95,35682;29,72497
7/22/2018;burglary;-95,32123;29,66278
06/04/2018;burglary;-95,501;29,71534
05/04/2018;burglary;-95,42318;29,95801
01/12/2018;burglary;-95,36366;29,63438
08/04/2018;burglary;-95,24105;29,64113
1/23/2018;burglary;-95,41943;29,59927
4/14/2018;burglary;-95,49864;29,68507
01/11/2018;burglary;-95,4437;29,83315
07/10/2018;burglary;-95,6885;29,79309
4/17/2018;burglary;-95,35201;29,76467
1/15/2018;burglary;-95,28169;29,77789
5/20/2018;burglary;-95,37216;29,68661
02/01/2018;burglary;-95,46656;29,59675
7/19/2018;burglary;-95,51151;29,71311
6/20/2018;burglary;-95,36401;29,73652
6/21/2018;burglary;-95,29545;29,95219
02/10/2018;burglary;-95,54134;29,73231
3/18/2018;burglary;-95,33323;29,77506
02/10/2018;burglary;-95,26051;29,60887
6/30/2018;burglary;-95,28676;29,87722
8/19/2018;burglary;-95,38972;29,73535
6/19/2018;burglary;-95,24379;29,63542
8/13/2018;burglary;-95,22825;29,61543
04/02/2018;burglary;-95,34148;29,69675
03/01/2018;burglary;-95,26982;29,81717
04/08/2018;burglary;-95,31177;29,84265
4/14/2018;burglary;-95,54216;29,72315
07/05/2018;burglary;-95,61426;29,71722
3/17/2018;burglary;-95,30128;29,72201
02/02/2018;burglary;-95,57053;29,68369
04/05/2018;burglary;-95,25272;29,8508
4/26/2018;burglary;-95,40338;29,69902
8/25/2018;burglary;-95,33848;29,82912
04/05/2018;burglary;-95,53357;29,74883
4/22/2018;burglary;-95,39557;29,7489
6/16/2018;burglary;-95,23716;30,04933
7/31/2018;burglary;-95,27916;29,67499
6/27/2018;burglary;-95,55231;29,70024
7/30/2018;burglary;-95,4931;29,61903
04/10/2018;burglary;-95,33956;29,63062
6/16/2018;burglary;-95,58159;29,71314
1/21/2018;burglary;-95,50963;29,81114
03/12/2018;burglary;-95,38445;29,8474
8/18/2018;burglary;-95,39207;29,95057
4/25/2018;burglary;-95,27755;29,66584
2/17/2018;burglary;-95,46688;29,84107
05/11/2018;burglary;-95,59652;29,69217
5/23/2018;burglary;-95,47328;29,86017
7/25/2018;burglary;-95,29041;29,6763
5/25/2018;burglary;-95,68406;29,79568
07/04/2018;burglary;-95,33219;29,64227
3/25/2018;burglary;-95,54352;29,80342
05/08/2018;burglary;-95,5263;29,71793
01/05/2018;burglary;-95,61089;29,70146
07/01/2018;burglary;-95,56073;29,67008
07/05/2018;burglary;-95,5276;29,67173
5/19/2018;burglary;-95,27046;29,65793
8/19/2018;burglary;-95,15354;29,54249
5/30/2018;burglary;-95,36509;29,7298
8/24/2018;burglary;-95,46097;29,60075
5/19/2018;burglary;-95,48093;29,58963
5/30/2018;burglary;-95,25328;29,85785
06/06/2018;burglary;-95,27555;29,70083
5/14/2018;burglary;-95,38324;29,74827
05/07/2018;burglary;-95,53925;29,74823
8/25/2018;burglary;-95,55845;29,68607
3/28/2018;burglary;-95,50149;29,7091
7/22/2018;burglary;-95,31242;29,6707
8/18/2018;burglary;-95,51508;29,64242
2/19/2018;burglary;-95,36527;29,85086
7/30/2018;burglary;-95,5032;29,64333
07/06/2018;burglary;-95,18944;30,0718
02/04/2018;burglary;-95,50881;29,67839
5/23/2018;burglary;-95,49479;29,65033
01/02/2018;burglary;-95,48155;29,72012
04/09/2018;burglary;-95,35852;29,83678
08/02/2018;burglary;-95,39524;29,94807
01/11/2018;burglary;-95,52833;29,70521
02/06/2018;burglary;-95,56438;29,68652
5/23/2018;burglary;-95,5204;29,85291
7/24/2018;burglary;-95,30826;29,68617
7/19/2018;burglary;-95,4732;29,85563
06/04/2018;burglary;-95,57112;29,66707
4/19/2018;burglary;-95,30897;29,84832
02/11/2018;burglary;-95,277;29,66358
03/01/2018;burglary;-95,40936;29,76595
03/11/2018;burglary;-95,57628;29,7423
07/01/2018;burglary;-95,3342;29,66225
04/05/2018;burglary;-95,55324;29,70056
7/26/2018;burglary;-95,55495;29,67092
04/12/2018;burglary;-95,19367;29,58619
4/19/2018;burglary;-95,53357;29,74883
01/01/2018;burglary;-95,3729;29,70576
07/06/2018;burglary;-95,3659;29,84213
2/18/2018;burglary;-95,19862;29,78171
8/26/2018;burglary;-95,2391;29,6111
8/19/2018;burglary;-95,38306;29,76288
2/13/2018;burglary;-95,23954;29,63622
8/31/2018;burglary;-95,45439;29,8795
4/19/2018;burglary;-95,44782;29,62392
06/08/2018;burglary;-95,2811;30,00153
4/16/2018;burglary;-95,45498;29,88186
06/08/2018;burglary;-95,38306;29,76288
7/21/2018;burglary;-95,23954;29,63622
02/01/2018;burglary;-95,1822;29,58438
04/04/2018;burglary;-95,26244;29,84943
5/19/2018;burglary;-95,44609;29,62684
06/07/2018;burglary;-95,29309;29,87707
04/04/2018;burglary;-95,36327;29,76328
5/22/2018;burglary;-95,57469;29,69066
05/01/2018;burglary;-95,43803;29,62824
4/28/2018;burglary;-95,52648;29,70326
02/02/2018;burglary;-95,22788;29,6104
8/18/2018;burglary;-95,34646;29,66407
3/27/2018;burglary;-95,17228;30,0343
03/10/2018;burglary;-95,2824;29,84582
1/29/2018;burglary;-95,54137;29,6982
1/28/2018;burglary;-95,39768;29,85608
8/17/2018;burglary;-95,20906;29,81361
7/26/2018;burglary;-95,3729;29,70576
7/18/2018;burglary;-95,277;29,66358
05/03/2018;burglary;-95,23685;29,68142
7/25/2018;burglary;-95,41863;29,94925
6/22/2018;burglary;-95,37146;29,74103
06/04/2018;burglary;-95,59386;29,6676
2/23/2018;burglary;-95,45912;29,82461
04/11/2018;burglary;-95,50272;29,65625
05/01/2018;burglary;-95,50793;29,68092
1/13/2018;burglary;-95,50507;29,65875
5/19/2018;burglary;-95,23981;29,68094
06/10/2018;burglary;-95,45535;29,86437
7/24/2018;burglary;-95,34664;29,84717
06/07/2018;burglary;-95,39734;29,94774
6/22/2018;burglary;-95,30558;29,86633
06/04/2018;burglary;-95,54031;29,71368
03/11/2018;burglary;-95,33902;29,83435
4/20/2018;burglary;-95,31446;29,84059
08/06/2018;burglary;-95,41993;29,61402
08/11/2018;burglary;-95,16754;30,05734
07/06/2018;burglary;-95,60589;29,73333
1/13/2018;burglary;-95,56995;29,8347
06/01/2018;burglary;-95,57051;29,67399
6/29/2018;burglary;-95,32988;29,67785
8/28/2018;burglary;-95,19981;29,6243
03/09/2018;burglary;-95,5971;29,78853
4/19/2018;burglary;-95,45841;29,88177
05/11/2018;burglary;-95,6131;29,70807
01/02/2018;burglary;-95,48375;29,7165
03/08/2018;burglary;-95,53553;29,61074
08/05/2018;burglary;-95,48273;29,7558
5/17/2018;burglary;-95,22571;29,61501
7/25/2018;burglary;-95,31577;29,79547
05/10/2018;burglary;-95,26479;29,6696
03/01/2018;burglary;-95,47679;29,84913
03/09/2018;burglary;-95,31726;29,64548
01/10/2018;burglary;-95,58785;29,7304
04/10/2018;burglary;-95,35852;29,83678
08/01/2018;burglary;-95,55801;29,71927
7/23/2018;burglary;-95,49765;29,7467
4/25/2018;burglary;-95,40848;29,9018
7/31/2018;burglary;-95,46901;29,85805
07/07/2018;burglary;-95,44076;29,62929
5/29/2018;burglary;-95,44565;29,64577
7/15/2018;burglary;-95,51399;29,70977
5/18/2018;burglary;-95,41618;29,77061
7/27/2018;burglary;-95,31226;29,77649
06/04/2018;burglary;-95,39205;29,79432
1/29/2018;burglary;-95,38344;29,70942
1/20/2018;burglary;-95,35497;29,63409
6/14/2018;burglary;-95,36942;29,859
7/13/2018;burglary;-95,40665;29,72779
6/17/2018;burglary;-95,34259;29,95132
06/10/2018;burglary;-95,41601;29,80777
3/18/2018;burglary;-95,24833;30,03715
4/19/2018;burglary;-95,25876;29,74158
07/11/2018;burglary;-95,46426;29,74338
04/02/2018;burglary;-95,64172;29,75594
5/22/2018;burglary;-95,31396;29,77159
8/19/2018;burglary;-95,47761;29,72299
1/18/2018;burglary;-95,59595;29,68981
03/11/2018;burglary;-95,41027;29,69336
2/16/2018;burglary;-95,52174;29,6803
01/04/2018;burglary;-95,61804;29,73753
4/27/2018;burglary;-95,58266;29,68317
07/06/2018;burglary;-95,2444;29,68903
7/23/2018;burglary;-95,47979;29,79888
7/14/2018;burglary;-95,42646;29,74292
8/24/2018;burglary;-95,48174;29,72603
1/23/2018;burglary;-95,46668;29,88406
2/18/2018;burglary;-95,38306;29,76288
04/10/2018;burglary;-95,57143;29,67436
06/07/2018;burglary;-95,50567;29,67596
02/06/2018;burglary;-95,49189;29,71642
2/19/2018;burglary;-95,16423;29,95742
8/15/2018;burglary;-95,54652;29,77911
01/02/2018;burglary;-95,34286;29,71132
1/16/2018;burglary;-95,54934;29,69063
3/25/2018;burglary;-95,24444;29,62405
1/17/2018;burglary;-95,37349;29,73394
04/08/2018;burglary;-95,21866;30,05867
03/06/2018;burglary;-95,64172;29,75594
02/07/2018;burglary;-95,35774;29,81096
05/01/2018;burglary;-95,35432;29,80155
5/26/2018;burglary;-95,49164;29,7389
02/08/2018;burglary;-95,2825;29,69674
1/28/2018;burglary;-95,37989;29,70937
5/20/2018;burglary;-95,38128;29,87006
8/14/2018;burglary;-95,31676;29,69021
08/11/2018;burglary;-95,23299;29,61899
6/29/2018;burglary;-95,37811;29,80494
5/14/2018;burglary;-95,50515;29,85553
08/11/2018;burglary;-95,23247;30,04764
1/16/2018;burglary;-95,47814;29,83827
07/04/2018;burglary;-95,35486;29,78332
3/23/2018;burglary;-95,44116;29,68709
06/04/2018;burglary;-95,30385;29,94843
7/31/2018;burglary;-95,32218;29,71692
05/03/2018;burglary;-95,60158;29,78264
7/16/2018;burglary;-95,34376;29,6195
4/19/2018;burglary;-95,5983;29,68339
2/16/2018;burglary;-95,61656;29,71761
6/14/2018;burglary;-95,446;29,72965
6/27/2018;burglary;-95,57622;29,73791
5/16/2018;burglary;-95,32069;29,67393
01/10/2018;burglary;-95,43907;29,67219
08/10/2018;burglary;-95,2724;29,66042
5/21/2018;burglary;-95,49579;29,70637
07/07/2018;burglary;-95,32144;29,83893
2/22/2018;burglary;-95,29396;29,83463
05/01/2018;burglary;-95,27437;29,67975
3/17/2018;burglary;-95,49524;29,7371
04/03/2018;burglary;-95,4944;29,64782
3/31/2018;burglary;-95,55569;29,68031
7/26/2018;burglary;-95,36657;29,86978
2/26/2018;burglary;-95,33811;29,79778
2/26/2018;burglary;-95,39937;29,95051
2/26/2018;burglary;-95,32331;29,74973
03/08/2018;burglary;-95,51676;29,7415
3/15/2018;burglary;-95,42983;29,96023
04/06/2018;burglary;-95,50839;29,64355
8/20/2018;burglary;-95,41187;29,70802
04/01/2018;burglary;-95,31226;29,77649
06/06/2018;burglary;-95,52211;29,72212
4/29/2018;burglary;-95,30722;29,68317
02/11/2018;burglary;-95,53986;29,75193
6/30/2018;burglary;-95,44719;29,73428
1/15/2018;burglary;-95,48838;29,83892
7/27/2018;burglary;-95,25381;30,05834
06/09/2018;burglary;-95,21322;29,61741
6/16/2018;burglary;-95,47542;29,80815
3/16/2018;burglary;-95,47948;29,7435
7/23/2018;burglary;-95,62003;29,75053
8/17/2018;burglary;-95,36154;29,68774
6/25/2018;burglary;-95,42526;29,76712
03/08/2018;burglary;-95,60244;29,69776
04/07/2018;burglary;-95,24289;29,64451
4/13/2018;burglary;-95,47499;29,66406
1/16/2018;burglary;-95,54248;29,79429
06/04/2018;burglary;-95,38813;29,69578
04/05/2018;burglary;-95,5642;29,74726
08/02/2018;burglary;-95,22148;29,59523
1/28/2018;burglary;-95,40404;29,76465
4/16/2018;burglary;-95,54804;29,69192
07/11/2018;burglary;-95,29203;29,7876
01/07/2018;burglary;-95,22571;29,61501
03/02/2018;burglary;-95,32995;29,66094
04/01/2018;burglary;-95,52384;29,73142
1/25/2018;burglary;-95,58369;29,68089
01/03/2018;burglary;-95,22354;29,59115
02/04/2018;burglary;-95,53448;29,71456
1/25/2018;burglary;-95,34247;29,82034
7/19/2018;burglary;-95,47658;29,72073
5/19/2018;burglary;-95,28539;29,80214
02/08/2018;burglary;-95,22703;29,61132
07/07/2018;burglary;-95,22391;29,77584
4/17/2018;burglary;-95,3278;29,85224
4/14/2018;burglary;-95,52746;29,69231
04/01/2018;burglary;-95,48765;29,83315
07/01/2018;burglary;-95,50248;29,6958
07/06/2018;burglary;-95,23036;29,61592
2/24/2018;burglary;-95,15354;29,54249
7/27/2018;burglary;-95,60646;29,67302
7/28/2018;burglary;-95,53914;29,71888
1/29/2018;burglary;-95,47658;29,72073
1/14/2018;burglary;-95,55216;29,69495
3/16/2018;burglary;-95,41988;29,77911
3/25/2018;burglary;-95,33403;29,87101
07/03/2018;burglary;-95,61742;29,77941
6/29/2018;burglary;-95,51712;29,73753
8/28/2018;burglary;-95,13813;29,54741
8/28/2018;burglary;-95,47795;29,82792
5/19/2018;burglary;-95,2391;29,6111
06/02/2018;burglary;-95,2999;29,94352
4/19/2018;burglary;-95,42786;29,63546
6/15/2018;burglary;-95,39936;29,95063
03/02/2018;burglary;-95,51386;29,79847
5/29/2018;burglary;-95,23847;29,64323
03/06/2018;burglary;-95,43002;29,7363
3/17/2018;burglary;-95,4145;29,69441
04/10/2018;burglary;-95,2391;29,6111
3/21/2018;burglary;-95,25417;30,03526
2/14/2018;auto theft;-95,40541;29,94714
3/16/2018;auto theft;-95,38286;29,71744
07/10/2018;auto theft;-95,26548;29,67233
2/19/2018;auto theft;-95,47351;29,81416
06/07/2018;auto theft;-95,3492;29,65592
4/22/2018;auto theft;-95,3068;29,75775
3/29/2018;auto theft;-95,42582;29,88691
3/22/2018;auto theft;-95,50534;29,82476
5/15/2018;auto theft;-95,23935;29,69731
6/15/2018;auto theft;-95,60158;29,78264
1/19/2018;auto theft;-95,33403;29,87101
01/04/2018;auto theft;-95,33593;29,95141
03/06/2018;auto theft;-95,41511;29,74829
3/29/2018;auto theft;-95,35279;29,69772
6/14/2018;auto theft;-95,36058;29,76557
04/06/2018;auto theft;-95,55503;29,68162
5/31/2018;auto theft;-95,22859;29,60176
03/02/2018;auto theft;-95,62063;29,73603
8/17/2018;auto theft;-95,59721;29,68496
7/21/2018;auto theft;-95,36744;29,75545
03/02/2018;auto theft;-95,5155;29,70334
05/07/2018;auto theft;-95,33426;29,8327
08/06/2018;auto theft;-95,55045;29,68366
02/07/2018;auto theft;-95,3338;29,66066
01/04/2018;auto theft;-95,36609;29,63933
08/12/2018;auto theft;-95,41991;29,94919
6/20/2018;auto theft;-95,37219;29,74618
7/22/2018;auto theft;-95,53926;29,72691
07/09/2018;auto theft;-95,53789;29,72812
5/27/2018;auto theft;-95,2773;29,67366
04/07/2018;auto theft;-95,27766;29,66229
3/31/2018;auto theft;-95,26077;29,80931
7/31/2018;auto theft;-95,38128;29,87006
06/05/2018;auto theft;-95,49524;29,7371
1/20/2018;auto theft;-95,32489;29,78895
06/03/2018;auto theft;-95,48563;29,73172
05/04/2018;auto theft;-95,31561;29,71207
07/06/2018;auto theft;-95,37723;29,85937
5/15/2018;auto theft;-95,58198;29,65893
3/24/2018;auto theft;-95,13786;29,56546
8/14/2018;auto theft;-95,35387;29,75247
02/11/2018;auto theft;-95,58634;29,70629
02/06/2018;auto theft;-95,41913;29,8851
08/12/2018;auto theft;-95,51964;29,6691
7/26/2018;auto theft;-95,57469;29,69066
8/18/2018;auto theft;-95,5355;29,61072
05/10/2018;auto theft;-95,48273;29,7558
08/07/2018;auto theft;-95,24237;29,67017
2/23/2018;auto theft;-95,59544;29,69494
8/14/2018;auto theft;-95,42976;29,72661
5/16/2018;auto theft;-95,35342;29,7539
04/06/2018;auto theft;-95,36115;29,76359
4/18/2018;auto theft;-95,28531;29,61817
05/08/2018;auto theft;-95,4505;29,58697
4/29/2018;auto theft;-95,25886;29,85425
06/06/2018;auto theft;-95,42523;29,62639
5/28/2018;auto theft;-95,55558;29,962
01/04/2018;auto theft;-95,44386;29,62204
04/02/2018;auto theft;-95,49776;29,84471
1/30/2018;auto theft;-95,33088;29,87056
04/03/2018;auto theft;-95,46541;29,73174
06/03/2018;auto theft;-95,49688;29,75006
3/25/2018;auto theft;-95,49736;29,69268
5/18/2018;auto theft;-95,46061;29,65189
4/19/2018;auto theft;-95,14696;29,56536
02/08/2018;auto theft;-95,55149;29,68436
7/23/2018;auto theft;-95,39557;29,7489
05/10/2018;auto theft;-95,4914;29,63942
6/17/2018;auto theft;-95,39765;29,84713
02/07/2018;auto theft;-95,32694;29,736
2/27/2018;auto theft;-95,1919;29,58667
02/01/2018;auto theft;-95,37525;29,7162
6/28/2018;auto theft;-95,35385;29,73097
07/07/2018;auto theft;-95,54072;29,66367
1/27/2018;auto theft;-95,39516;29,95054
4/30/2018;auto theft;-95,33237;29,86363
07/12/2018;auto theft;-95,33573;29,73713
7/29/2018;auto theft;-95,47661;29,72371
2/21/2018;auto theft;-95,26146;29,67915
05/10/2018;auto theft;-95,31561;29,71207
06/12/2018;auto theft;-95,51418;29,73393
8/23/2018;auto theft;-95,36708;29,95144
07/11/2018;auto theft;-95,24207;29,63799
6/23/2018;auto theft;-95,54065;29,70146
01/09/2018;auto theft;-95,51151;29,71311
4/25/2018;auto theft;-95,45206;29,65782
07/12/2018;auto theft;-95,46766;29,63784
06/08/2018;auto theft;-95,35403;29,65262
7/13/2018;auto theft;-95,39575;29,94433
4/21/2018;auto theft;-95,33541;29,70706
4/22/2018;auto theft;-95,60889;29,78108
03/04/2018;auto theft;-95,12689;29,5719
8/30/2018;auto theft;-95,50566;29,63909
04/06/2018;auto theft;-95,42311;29,95492
1/20/2018;auto theft;-95,54774;29,71217
07/10/2018;auto theft;-95,41195;29,92554
07/04/2018;auto theft;-95,3682;29,86237
03/07/2018;auto theft;-95,65813;29,72692
5/31/2018;auto theft;-95,41822;29,68219
05/04/2018;auto theft;-95,55889;29,8364
3/31/2018;auto theft;-95,39409;29,78499
2/14/2018;auto theft;-95,39257;29,81142
07/04/2018;auto theft;-95,37888;29,72251
1/16/2018;auto theft;-95,46286;29,8806
4/30/2018;auto theft;-95,55231;29,67523
7/29/2018;auto theft;-95,57628;29,7423
07/03/2018;auto theft;-95,55224;29,69836
03/05/2018;auto theft;-95,52601;29,68697
3/13/2018;auto theft;-95,41195;29,92554
3/19/2018;auto theft;-95,55231;29,67523
05/01/2018;auto theft;-95,47318;29,8423
5/19/2018;auto theft;-95,4071;29,92513
02/06/2018;auto theft;-95,43443;29,82535
06/12/2018;auto theft;-95,21177;29,6018
7/20/2018;auto theft;-95,56786;29,68895
03/06/2018;auto theft;-95,5157;29,73512
03/12/2018;auto theft;-95,49189;29,71642
04/06/2018;auto theft;-95,18922;29,77718
03/03/2018;auto theft;-95,40457;29,74033
5/22/2018;auto theft;-95,49666;29,75463
7/13/2018;auto theft;-95,30965;29,83853
4/17/2018;auto theft;-95,48601;29,82885
01/06/2018;auto theft;-95,19676;29,7626
3/21/2018;auto theft;-95,58198;29,65893
08/04/2018;auto theft;-95,54216;29,72315
2/28/2018;auto theft;-95,6863;29,7867
07/11/2018;auto theft;-95,48048;29,59934
04/08/2018;auto theft;-95,31605;29,66566
07/12/2018;auto theft;-95,46674;29,76251
8/19/2018;auto theft;-95,46111;29,7512
8/25/2018;auto theft;-95,54644;29,72299
7/15/2018;auto theft;-95,28406;29,85497
4/28/2018;auto theft;-95,2341;29,62645
06/12/2018;auto theft;-95,40655;29,92239
01/08/2018;auto theft;-95,60224;29,66981
05/09/2018;auto theft;-95,46536;29,73565
7/14/2018;auto theft;-95,4219;29,68502
07/04/2018;auto theft;-95,50838;29,65609
05/05/2018;auto theft;-95,61298;29,66665
1/20/2018;auto theft;-95,48749;29,83161
2/15/2018;auto theft;-95,50027;29,88984
05/11/2018;auto theft;-95,65271;29,73213
05/05/2018;auto theft;-95,53046;29,84024
6/28/2018;auto theft;-95,30457;29,84293
1/22/2018;auto theft;-95,36647;29,70322
8/26/2018;auto theft;-95,28885;29,69586
07/02/2018;auto theft;-95,23907;29,67054
3/20/2018;auto theft;-95,38889;29,74583
5/30/2018;auto theft;-95,1529;29,54295
03/01/2018;auto theft;-95,55216;29,69495
05/03/2018;auto theft;-95,28105;29,71143
7/15/2018;auto theft;-95,28639;29,82032
7/17/2018;auto theft;-95,52981;29,73773
05/12/2018;auto theft;-95,38273;29,76945
1/15/2018;auto theft;-95,37984;29,72854
5/21/2018;auto theft;-95,47531;29,84291
2/15/2018;auto theft;-95,51692;29,71304
05/01/2018;auto theft;-95,28066;30,10295
1/14/2018;auto theft;-95,28757;29,68163
1/17/2018;auto theft;-95,44689;29,81414
6/15/2018;auto theft;-95,30089;29,85093
7/31/2018;auto theft;-95,50111;29,72009
2/13/2018;auto theft;-95,56962;29,68432
4/20/2018;auto theft;-95,58962;29,66836
05/12/2018;auto theft;-95,36667;29,75157
6/24/2018;auto theft;-95,27716;29,66907
4/25/2018;auto theft;-95,55811;29,73685
3/28/2018;auto theft;-95,55339;29,96533
3/26/2018;auto theft;-95,41263;29,68952
04/12/2018;auto theft;-95,23234;29,62067
7/21/2018;auto theft;-95,43347;29,73307
5/26/2018;auto theft;-95,57411;29,69832
6/25/2018;auto theft;-95,5353;29,69121
01/09/2018;auto theft;-95,53155;29,68843
6/26/2018;auto theft;-95,38428;29,83418
6/27/2018;auto theft;-95,39515;29,78332
3/28/2018;auto theft;-95,22083;29,61284
06/05/2018;auto theft;-95,45538;29,58489
1/26/2018;auto theft;-95,59617;29,70286
3/27/2018;auto theft;-95,34128;29,68154
01/06/2018;auto theft;-95,21933;29,76704
3/17/2018;auto theft;-95,34278;29,65059
8/14/2018;auto theft;-95,47642;29,88557
4/16/2018;auto theft;-95,54216;29,72315
05/03/2018;auto theft;-95,59595;29,68981
04/01/2018;auto theft;-95,33007;29,65834
03/10/2018;auto theft;-95,39389;29,82845
4/20/2018;auto theft;-95,54415;29,78146
06/07/2018;auto theft;-95,27473;29,68679
3/27/2018;auto theft;-95,42021;29,7753
05/10/2018;auto theft;-95,25793;29,66388
6/13/2018;auto theft;-95,14835;29,54689
04/06/2018;auto theft;-95,35273;29,75406
07/11/2018;auto theft;-95,50088;29,73755
5/20/2018;auto theft;-95,48541;29,86387
08/06/2018;auto theft;-95,53852;29,74328
6/21/2018;auto theft;-95,5359;29,77947
07/10/2018;auto theft;-95,37515;29,72807
6/29/2018;auto theft;-95,14259;29,54093
05/01/2018;auto theft;-95,28733;29,67998
6/14/2018;auto theft;-95,5591;29,68659
1/25/2018;auto theft;-95,24126;29,62083
8/27/2018;auto theft;-95,48896;29,71457
06/04/2018;auto theft;-95,30899;29,71649
7/27/2018;auto theft;-95,37627;29,79487
1/13/2018;auto theft;-95,12906;29,57029
05/05/2018;auto theft;-95,55607;29,67923
2/20/2018;auto theft;-95,55509;29,68434
7/13/2018;auto theft;-95,27684;29,65863
08/02/2018;auto theft;-95,55233;29,70128
3/23/2018;auto theft;-95,36813;29,80781
3/20/2018;auto theft;-95,2627;29,66904
4/17/2018;auto theft;-95,5009;29,7433
4/24/2018;auto theft;-95,2724;29,66042
5/18/2018;auto theft;-95,3845;29,84545
8/19/2018;auto theft;-95,54974;29,68056
8/24/2018;auto theft;-95,27371;29,83617
6/18/2018;auto theft;-95,4732;29,79294
07/10/2018;auto theft;-95,55104;29,84321
8/21/2018;auto theft;-95,28586;29,67421
05/04/2018;auto theft;-95,38078;29,73449
06/01/2018;auto theft;-95,39679;29,83142
07/01/2018;auto theft;-95,23234;29,62067
3/30/2018;auto theft;-95,48853;29,73538
5/27/2018;auto theft;-95,41115;29,94564
1/26/2018;auto theft;-95,29954;29,87764
06/03/2018;auto theft;-95,44172;29,87568
2/18/2018;auto theft;-95,34042;29,84051
01/03/2018;auto theft;-95,38975;29,75563
3/19/2018;auto theft;-95,24207;29,63799
5/22/2018;auto theft;-95,34577;29,7761
2/21/2018;auto theft;-95,55558;29,70775
1/14/2018;auto theft;-95,54627;29,97141
01/10/2018;auto theft;-95,38925;29,82016
3/17/2018;auto theft;-95,30363;29,94439
03/01/2018;auto theft;-95,61175;29,72008
07/06/2018;auto theft;-95,29237;29,73261
03/02/2018;auto theft;-95,54872;29,73521
8/26/2018;auto theft;-95,34401;29,77665
2/20/2018;auto theft;-95,5392;29,72046
6/19/2018;auto theft;-95,31911;29,84856
05/10/2018;auto theft;-95,56043;29,83905
1/22/2018;auto theft;-95,54031;29,71368
03/06/2018;auto theft;-95,27716;29,66907
2/23/2018;auto theft;-95,21597;29,77059
3/23/2018;auto theft;-95,35357;29,75849
4/28/2018;auto theft;-95,37543;29,65339
04/01/2018;auto theft;-95,53952;29,8127
02/06/2018;auto theft;-95,50272;29,65625
08/08/2018;auto theft;-95,43927;29,61216
01/06/2018;auto theft;-95,17115;29,59439
2/13/2018;auto theft;-95,47761;29,72299
6/17/2018;auto theft;-95,54561;29,72375
1/31/2018;auto theft;-95,40523;29,91603
6/18/2018;auto theft;-95,57861;29,70705
01/08/2018;auto theft;-95,52725;29,6803
04/01/2018;auto theft;-95,56317;29,73764
7/18/2018;auto theft;-95,40378;29,95043
1/15/2018;auto theft;-95,29225;29,71728
6/30/2018;auto theft;-95,57112;29,66707
5/15/2018;auto theft;-95,22861;29,78691
07/02/2018;auto theft;-95,55339;29,96533
03/03/2018;auto theft;-95,31561;29,71207
06/06/2018;auto theft;-95,58377;29,67709
4/20/2018;auto theft;-95,48124;29,651
8/14/2018;auto theft;-95,24801;29,68051
1/13/2018;auto theft;-95,42042;29,67975
02/08/2018;auto theft;-95,51458;29,84876
7/25/2018;auto theft;-95,41128;29,69077
08/12/2018;auto theft;-95,42582;29,88691
02/11/2018;auto theft;-95,38488;29,87047
3/15/2018;auto theft;-95,51609;29,67493
01/08/2018;auto theft;-95,37541;29,87015
8/29/2018;auto theft;-95,52136;29,7848
3/22/2018;auto theft;-95,28425;29,83186
02/05/2018;auto theft;-95,22911;29,80508
4/22/2018;auto theft;-95,43643;29,67718
07/11/2018;auto theft;-95,12029;29,99399
07/08/2018;auto theft;-95,31884;29,83333
5/30/2018;auto theft;-95,37788;29,79808
2/14/2018;auto theft;-95,46365;29,74118
6/16/2018;auto theft;-95,31562;29,66419
05/05/2018;auto theft;-95,56835;29,73693
01/09/2018;auto theft;-95,31348;29,6816
08/12/2018;auto theft;-95,50272;29,65625
01/03/2018;auto theft;-95,33487;29,74706
1/15/2018;auto theft;-95,57064;29,65535
03/05/2018;auto theft;-95,36221;29,85508
2/19/2018;auto theft;-95,53652;29,68148
4/17/2018;auto theft;-95,44747;29,87279
07/10/2018;auto theft;-95,47328;29,86017
3/22/2018;auto theft;-95,47177;29,84626
04/02/2018;auto theft;-95,5194;29,71456
2/28/2018;auto theft;-95,31158;29,73853
2/22/2018;auto theft;-95,36906;29,77933
4/21/2018;auto theft;-95,2867;29,74045
7/16/2018;auto theft;-95,378;29,79797
08/07/2018;auto theft;-95,33679;29,75291
02/08/2018;auto theft;-95,57794;29,68656
7/19/2018;auto theft;-95,51712;29,7383
6/24/2018;auto theft;-95,40765;29,95038
2/23/2018;auto theft;-95,50737;29,74002
03/03/2018;auto theft;-95,27797;29,70138
8/24/2018;auto theft;-95,30033;29,85101
8/31/2018;auto theft;-95,55339;29,96533
4/20/2018;auto theft;-95,10905;29,56115
02/01/2018;auto theft;-95,30033;29,85101
02/11/2018;auto theft;-95,37753;29,75244
07/10/2018;auto theft;-95,28766;29,68503
04/08/2018;auto theft;-95,40017;29,92373
7/18/2018;auto theft;-95,45832;29,60018
8/19/2018;auto theft;-95,4071;29,92513
06/11/2018;auto theft;-95,282;29,85467
3/15/2018;auto theft;-95,44319;29,83409
6/13/2018;auto theft;-95,42754;29,7996
1/28/2018;auto theft;-95,68829;29,79451
01/05/2018;auto theft;-95,3401;29,68317
07/05/2018;auto theft;-95,33574;29,86915
2/21/2018;auto theft;-95,48542;29,59238
01/12/2018;auto theft;-95,42049;29,89193
05/09/2018;auto theft;-95,56996;29,83196
6/24/2018;auto theft;-95,25564;30,03474
6/27/2018;auto theft;-95,36057;29,78665
03/12/2018;auto theft;-95,25635;29,65655
07/06/2018;auto theft;-95,47958;29,71656
8/31/2018;auto theft;-95,23234;29,62067
8/28/2018;auto theft;-95,31863;29,84824
6/26/2018;auto theft;-95,22018;29,77575
8/22/2018;auto theft;-95,34971;29,82861
6/20/2018;auto theft;-95,27716;29,66907
06/11/2018;auto theft;-95,28984;29,90191
06/02/2018;auto theft;-95,43611;29,78914
2/27/2018;auto theft;-95,28683;29,67033
7/22/2018;auto theft;-95,45521;29,68926
6/14/2018;auto theft;-95,49992;29,6569
06/11/2018;auto theft;-95,4264;29,79852
3/23/2018;auto theft;-95,37038;29,85901
3/14/2018;auto theft;-95,55471;29,73792
7/16/2018;auto theft;-95,53344;29,67808
02/04/2018;auto theft;-95,277;29,66358
3/27/2018;auto theft;-95,45126;29,58745
07/02/2018;auto theft;-95,55199;29,67904
5/13/2018;auto theft;-95,49246;29,71272
03/09/2018;auto theft;-95,54993;29,66872
3/27/2018;auto theft;-95,51871;29,70529
04/11/2018;auto theft;-95,39937;29,95051
6/25/2018;auto theft;-95,53157;29,73851
01/04/2018;auto theft;-95,39516;29,95054
03/12/2018;auto theft;-95,3207;29,74035
8/17/2018;auto theft;-95,43896;29,72349
2/23/2018;auto theft;-95,37306;29,74508
04/10/2018;auto theft;-95,28777;29,70128
03/11/2018;auto theft;-95,52867;29,68429
7/21/2018;auto theft;-95,58301;29,65806
08/07/2018;auto theft;-95,40632;29,76174
08/07/2018;auto theft;-95,31068;29,86627
5/19/2018;auto theft;-95,39949;29,82319
3/18/2018;auto theft;-95,36585;29,7785
6/21/2018;auto theft;-95,56709;29,73873
2/27/2018;auto theft;-95,47063;29,76438
3/23/2018;auto theft;-95,12505;29,56196
3/31/2018;auto theft;-95,59054;29,69583
1/27/2018;auto theft;-95,35121;29,79485
3/14/2018;auto theft;-95,51409;29,72875
5/28/2018;auto theft;-95,54644;29,72299
8/16/2018;auto theft;-95,56696;29,74348
1/18/2018;auto theft;-95,62524;29,7578
6/21/2018;auto theft;-95,37002;29,84584
07/08/2018;auto theft;-95,46365;29,74118
2/21/2018;auto theft;-95,38887;29,73557
02/03/2018;auto theft;-95,55499;29,67311
8/26/2018;auto theft;-95,36585;29,65163
02/05/2018;auto theft;-95,61064;29,69913
06/03/2018;auto theft;-95,50862;29,66425
1/30/2018;auto theft;-95,5093;29,83103
8/13/2018;auto theft;-95,42352;29,96065
05/06/2018;auto theft;-95,3655;29,702
02/06/2018;auto theft;-95,38338;29,67441
03/03/2018;auto theft;-95,42947;29,64325
7/28/2018;auto theft;-95,50581;29,68205
04/02/2018;auto theft;-95,40755;29,84726
6/18/2018;auto theft;-95,28216;29,74915
04/07/2018;auto theft;-95,23234;29,62067
05/06/2018;auto theft;-95,40633;29,93172
06/01/2018;auto theft;-95,50248;29,6958
06/05/2018;auto theft;-95,33088;29,87056
1/17/2018;auto theft;-95,41969;29,89522
05/04/2018;auto theft;-95,52813;29,67999
4/18/2018;auto theft;-95,38256;29,62244
3/29/2018;auto theft;-95,51435;29,85406
04/12/2018;auto theft;-95,3868;29,70503
8/17/2018;auto theft;-95,2811;30,00153
2/28/2018;auto theft;-95,36992;29,72191
7/19/2018;auto theft;-95,42598;29,96072
04/12/2018;auto theft;-95,42352;29,96065
07/02/2018;auto theft;-95,34449;29,62144
3/29/2018;auto theft;-95,39548;29,67076
05/06/2018;auto theft;-95,54885;29,7176
05/03/2018;auto theft;-95,28953;29,7043
06/04/2018;auto theft;-95,44775;29,81909
06/01/2018;auto theft;-95,34574;29,94562
07/12/2018;auto theft;-95,47328;29,86017
6/17/2018;auto theft;-95,45157;29,72152
02/02/2018;auto theft;-95,38891;29,65779
8/14/2018;auto theft;-95,37893;29,81662
3/17/2018;auto theft;-95,45281;29,60236
7/13/2018;auto theft;-95,50477;29,7058
5/24/2018;auto theft;-95,58459;29,69333
01/07/2018;auto theft;-95,63257;29,78542
02/05/2018;auto theft;-95,19281;29,77122
5/27/2018;auto theft;-95,53792;29,6971
5/13/2018;auto theft;-95,34202;29,67031
7/26/2018;auto theft;-95,44689;29,81414
06/12/2018;auto theft;-95,55776;29,71226
5/30/2018;auto theft;-95,59764;29,66592
04/06/2018;auto theft;-95,37368;29,85606
1/14/2018;auto theft;-95,29677;29,69933
7/15/2018;auto theft;-95,41045;29,82406
05/11/2018;auto theft;-95,28941;29,65601
2/26/2018;auto theft;-95,23234;29,62067
02/01/2018;auto theft;-95,45925;29,73099
6/23/2018;auto theft;-95,5315;29,73765
5/31/2018;auto theft;-95,3363;29,84855
7/14/2018;auto theft;-95,45008;29,81507
2/24/2018;auto theft;-95,50272;29,65625
03/05/2018;auto theft;-95,5077;29,83284
01/05/2018;auto theft;-95,34942;29,64463
2/23/2018;auto theft;-95,30081;29,80868
05/03/2018;auto theft;-95,40765;29,95038
4/17/2018;auto theft;-95,29553;29,69058
01/03/2018;auto theft;-95,36505;29,65163
8/18/2018;auto theft;-95,55231;29,70024
6/20/2018;auto theft;-95,35935;29,74641
5/27/2018;auto theft;-95,53557;29,61078
6/17/2018;auto theft;-95,46365;29,74118
03/08/2018;auto theft;-95,53884;29,82278
02/09/2018;auto theft;-95,45036;29,60727
04/11/2018;auto theft;-95,2146;29,60617
04/04/2018;auto theft;-95,48245;29,68221
8/23/2018;auto theft;-95,55045;29,68366
8/17/2018;auto theft;-95,39504;29,9473
4/20/2018;auto theft;-95,43955;29,83447
8/23/2018;auto theft;-95,51249;29,80993
05/07/2018;auto theft;-95,31649;29,69784
4/30/2018;auto theft;-95,56715;29,7243
8/27/2018;auto theft;-95,27728;29,71489
2/13/2018;auto theft;-95,92596;30,06195
2/23/2018;auto theft;-95,42311;29,95492
8/27/2018;auto theft;-95,38425;29,83846
3/23/2018;auto theft;-95,47335;29,6468
7/28/2018;robbery;-95,50416;29,71865
02/08/2018;robbery;-95,64671;29,73564
5/26/2018;robbery;-95,59599;29,6927
8/23/2018;robbery;-95,6885;29,79309
8/25/2018;robbery;-95,39557;29,6873
05/01/2018;robbery;-95,28933;29,67335
05/04/2018;robbery;-95,5224;29,73734
2/22/2018;robbery;-95,58871;29,68897
1/30/2018;robbery;-95,36327;29,76328
08/11/2018;robbery;-95,53524;29,61039
02/12/2018;robbery;-95,47844;29,70831
3/30/2018;robbery;-95,5441;29,71375
2/22/2018;robbery;-95,58572;29,67552
03/07/2018;robbery;-95,51712;29,73753
2/20/2018;robbery;-95,24813;29,64581
8/17/2018;robbery;-95,48678;29,73068
7/26/2018;robbery;-95,35574;29,65365
1/20/2018;robbery;-95,46993;29,83005
4/15/2018;robbery;-95,48002;29,65482
01/08/2018;robbery;-95,47658;29,72073
6/24/2018;robbery;-95,26234;29,67574
5/27/2018;robbery;-95,51337;29,6845
04/11/2018;robbery;-95,53401;29,66977
5/27/2018;robbery;-95,54779;29,67559
05/11/2018;robbery;-95,61062;29,71624
03/08/2018;robbery;-95,36713;29,73024
6/13/2018;robbery;-95,39557;29,7489
03/03/2018;robbery;-95,4071;29,92513
05/02/2018;robbery;-95,24105;29,64113
5/31/2018;robbery;-95,53952;29,8127
5/30/2018;robbery;-95,5391;29,71815
08/04/2018;robbery;-95,31691;29,79808
06/09/2018;robbery;-95,53986;29,75193
6/24/2018;robbery;-95,43819;29,72914
1/26/2018;robbery;-95,39768;29,85608
3/13/2018;robbery;-95,55339;29,96533
1/15/2018;robbery;-95,60125;29,67972
7/14/2018;robbery;-95,55231;29,70024
6/21/2018;robbery;-95,45495;29,74555
1/15/2018;robbery;-95,53972;29,8666
1/21/2018;robbery;-95,50785;29,73797
1/27/2018;robbery;-95,50193;29,70027
8/16/2018;robbery;-95,3718;29,7484
1/22/2018;robbery;-95,18704;29,78049
1/17/2018;robbery;-95,3655;29,702
01/01/2018;robbery;-95,32574;29,83036
8/30/2018;robbery;-95,4493;29,88341
1/29/2018;robbery;-95,24466;29,6418
03/03/2018;robbery;-95,55753;29,65324
02/09/2018;robbery;-95,39035;29,69195
2/14/2018;robbery;-95,58505;29,73852
08/02/2018;robbery;-95,48258;29,67901
06/06/2018;robbery;-95,68406;29,79666
8/14/2018;robbery;-95,35647;29,77746
06/03/2018;robbery;-95,50921;29,82729
07/12/2018;robbery;-95,49321;29,70258
07/11/2018;robbery;-95,35892;29,73624
4/26/2018;robbery;-95,3377;29,82893
2/19/2018;robbery;-95,23262;29,63069
3/30/2018;robbery;-95,55369;29,79151
6/23/2018;robbery;-95,38266;29,82856
04/01/2018;robbery;-95,35006;29,72776
04/01/2018;robbery;-95,31726;29,64548
7/26/2018;robbery;-95,53681;29,83356
8/24/2018;robbery;-95,53401;29,66977
07/11/2018;robbery;-95,50692;29,69202
08/01/2018;robbery;-95,38434;29,84517
8/31/2018;robbery;-95,54933;29,67546
5/16/2018;robbery;-95,64294;29,67965
02/03/2018;robbery;-95,37541;29,87015
4/24/2018;robbery;-95,50682;29,88062
02/03/2018;robbery;-95,52979;29,72948
01/09/2018;robbery;-95,35967;29,78164
08/04/2018;robbery;-95,23954;29,63622
03/02/2018;robbery;-95,50873;29,64767
08/02/2018;robbery;-95,37038;29,85901
1/27/2018;robbery;-95,63474;29,60262
3/19/2018;robbery;-95,53804;29,70013
03/06/2018;robbery;-95,50522;29,81107
05/05/2018;robbery;-95,50753;29,62977
5/22/2018;robbery;-95,37142;29,75091
7/23/2018;robbery;-95,53851;29,74269
01/08/2018;robbery;-95,57749;29,66219
03/10/2018;robbery;-95,43408;29,89797
5/20/2018;robbery;-95,59595;29,68981
4/21/2018;robbery;-95,59654;29,67638
7/19/2018;robbery;-95,39734;29,94774
8/31/2018;robbery;-95,612;29,70354
03/02/2018;robbery;-95,30793;29,68089
01/02/2018;robbery;-95,46481;29,60879
2/24/2018;robbery;-95,12505;29,56196
4/29/2018;robbery;-95,3758;29,67308
8/17/2018;robbery;-95,60614;29,74556
03/01/2018;robbery;-95,55146;29,87488
1/25/2018;robbery;-95,55999;29,67863
03/12/2018;robbery;-95,36652;29,87043
02/02/2018;robbery;-95,43492;29,94613
8/28/2018;robbery;-95,53257;29,66847
2/14/2018;robbery;-95,21948;29,781
03/03/2018;robbery;-95,33661;29,67599
03/12/2018;robbery;-95,55216;29,69495
5/24/2018;robbery;-95,39557;29,6873
4/19/2018;robbery;-95,56786;29,68895
8/20/2018;robbery;-95,39504;29,9473
01/06/2018;robbery;-95,12906;29,57029
04/03/2018;robbery;-95,48531;29,81657
8/16/2018;robbery;-95,50392;29,64485
04/03/2018;robbery;-95,61858;29,73606
06/01/2018;robbery;-95,46487;29,60498
06/10/2018;robbery;-95,30123;29,77151
08/02/2018;robbery;-95,60584;29,77051
6/28/2018;robbery;-95,54134;29,73231
04/07/2018;robbery;-95,59097;29,67554
04/05/2018;robbery;-95,41195;29,92554
03/02/2018;robbery;-95,53269;29,67452
01/02/2018;robbery;-95,29516;29,78757
7/26/2018;robbery;-95,37762;29,84549
01/11/2018;robbery;-95,26567;29,67178
03/11/2018;robbery;-95,50135;29,65663
08/04/2018;robbery;-95,28266;29,80945
04/11/2018;robbery;-95,51264;29,84877
02/12/2018;robbery;-95,51053;29,72583
01/10/2018;robbery;-95,48349;29,79638
2/23/2018;robbery;-95,15007;29,56969
3/15/2018;robbery;-95,47352;29,88439
7/22/2018;robbery;-95,34728;29,76017
1/20/2018;robbery;-95,48153;29,70567
3/21/2018;robbery;-95,56498;29,74081
03/04/2018;robbery;-95,63474;29,60262
03/11/2018;robbery;-95,54562;29,70909
08/06/2018;robbery;-95,30144;29,6989
7/25/2018;robbery;-95,55327;29,73926
7/17/2018;robbery;-95,38061;29,73398
06/01/2018;robbery;-95,50109;29,73535
06/05/2018;robbery;-95,30582;29,73535
5/13/2018;robbery;-95,22549;29,77136
04/12/2018;robbery;-95,41195;29,92554
05/11/2018;robbery;-95,28326;29,6797
3/27/2018;robbery;-95,60375;29,67845
01/05/2018;robbery;-95,39207;29,95057
4/24/2018;robbery;-95,57559;29,71402
07/05/2018;robbery;-95,48719;29,73539
4/19/2018;robbery;-95,28947;29,66396
03/11/2018;robbery;-95,35222;29,69114
07/03/2018;robbery;-95,53442;29,72899
01/02/2018;robbery;-95,28451;29,84709
03/07/2018;robbery;-95,24239;29,75181
8/29/2018;robbery;-95,48365;29,7092
5/21/2018;robbery;-95,47683;29,62125
4/29/2018;robbery;-95,24528;29,79489
03/06/2018;robbery;-95,51636;29,82114
3/19/2018;robbery;-95,52136;29,7848
01/03/2018;robbery;-95,52908;29,72755
05/01/2018;robbery;-95,55659;29,96453
01/06/2018;robbery;-95,52009;29,79865
06/05/2018;robbery;-95,47764;29,84043
3/28/2018;robbery;-95,28631;29,73078
5/23/2018;robbery;-95,3456;29,81329
06/11/2018;robbery;-95,43943;29,67693
04/05/2018;robbery;-95,40655;29,92239
01/02/2018;robbery;-95,39736;29,93812
7/25/2018;robbery;-95,32006;29,69267
5/15/2018;robbery;-95,37372;29,74264
7/19/2018;robbery;-95,52917;29,73725
6/24/2018;robbery;-95,33574;29,77153
08/03/2018;robbery;-95,51451;29,68395
02/12/2018;robbery;-95,37387;29,859
4/29/2018;robbery;-95,58871;29,6694
1/17/2018;robbery;-95,36032;29,78905
8/25/2018;robbery;-95,612;29,70354
8/21/2018;robbery;-95,49543;29,63994
5/22/2018;robbery;-95,28236;29,77789
01/11/2018;robbery;-95,37584;29,84554
7/16/2018;robbery;-95,46901;29,85805
07/02/2018;robbery;-95,56786;29,68895
7/30/2018;robbery;-95,4071;29,92513
03/09/2018;robbery;-95,29643;29,71728
7/19/2018;robbery;-95,39431;29,85681
3/16/2018;robbery;-95,40133;29,74507
3/19/2018;robbery;-95,42984;29,732
02/01/2018;robbery;-95,71507;29,77884
05/05/2018;robbery;-95,56784;29,73172
7/21/2018;robbery;-95,26244;29,84943
5/29/2018;robbery;-95,47978;29,84908
07/10/2018;robbery;-95,42339;29,68314
4/26/2018;robbery;-95,11569;29,56054
08/08/2018;robbery;-95,36365;29,83759
08/10/2018;robbery;-95,3006;29,86164
07/07/2018;robbery;-95,60629;29,68177
08/07/2018;robbery;-95,38431;29,84348
07/03/2018;robbery;-95,42751;29,70501
4/20/2018;robbery;-95,59645;29,77812
5/14/2018;robbery;-95,74364;29,98886
5/23/2018;robbery;-95,51249;29,80993
05/12/2018;robbery;-95,18071;30,03333
04/01/2018;robbery;-95,55216;29,69495
6/20/2018;robbery;-95,22018;29,77575
7/28/2018;robbery;-95,50522;29,81107
02/11/2018;robbery;-95,49322;29,59901
04/01/2018;robbery;-95,38428;29,83418
02/03/2018;robbery;-95,50119;29,73773
07/08/2018;robbery;-95,36154;29,73252
1/13/2018;robbery;-95,36969;29,81196
4/28/2018;robbery;-95,3188;29,74319
1/24/2018;robbery;-95,12194;29,56951
5/27/2018;robbery;-95,53905;29,79308
3/21/2018;robbery;-95,30055;29,88257
4/15/2018;robbery;-95,55227;29,69942
02/04/2018;robbery;-95,24441;29,64774
05/09/2018;robbery;-95,56948;29,68861
2/14/2018;robbery;-95,49206;29,72612
08/05/2018;robbery;-95,26902;29,67616
6/18/2018;robbery;-95,71507;29,77884
5/21/2018;robbery;-95,47978;29,84908
3/14/2018;robbery;-95,6032;29,6849
01/10/2018;robbery;-95,56073;29,67008
6/19/2018;robbery;-95,33696;29,74897
1/21/2018;robbery;-95,26336;29,66712
5/14/2018;robbery;-95,5391;29,71815
04/07/2018;robbery;-95,37226;29,73971
1/17/2018;robbery;-95,38346;29,73892
02/04/2018;robbery;-95,5012;29,72538
2/13/2018;robbery;-95,26418;29,84996
7/18/2018;robbery;-95,3549;29,67006
08/06/2018;robbery;-95,55781;29,704
2/27/2018;robbery;-95,50867;29,66798
1/15/2018;robbery;-95,68829;29,79451
8/27/2018;robbery;-95,48658;29,80287
04/05/2018;robbery;-95,40205;29,94422
1/21/2018;robbery;-95,53889;29,73728
6/24/2018;robbery;-95,30134;29,95215
4/22/2018;robbery;-95,48135;29,72012
08/06/2018;robbery;-95,26242;29,85919
2/23/2018;robbery;-95,37571;29,84115
5/19/2018;robbery;-95,31181;29,71183
6/20/2018;robbery;-95,58301;29,65806
7/29/2018;robbery;-95,5017;29,80303
02/03/2018;robbery;-95,27866;29,67206
7/13/2018;robbery;-95,43347;29,73307
1/15/2018;robbery;-95,28886;29,69587
08/02/2018;robbery;-95,37092;29,70461
6/28/2018;robbery;-95,33211;29,79636
5/15/2018;robbery;-95,24427;29,64457
4/22/2018;robbery;-95,56271;29,68332
06/06/2018;robbery;-95,33748;29,67186
6/21/2018;robbery;-95,36081;29,79382
05/01/2018;robbery;-95,35914;29,65602
04/02/2018;robbery;-95,49206;29,72612
4/30/2018;robbery;-95,39335;29,74629
07/04/2018;robbery;-95,35598;29,67837
03/06/2018;robbery;-95,40283;29,84116
1/17/2018;robbery;-95,39769;29,93492
5/25/2018;robbery;-95,47817;29,6777
8/23/2018;robbery;-95,51076;29,72942
4/13/2018;robbery;-95,38772;29,7847
01/09/2018;robbery;-95,30281;29,84852
4/20/2018;robbery;-95,22018;29,77575
04/08/2018;robbery;-95,35425;29,71571
4/24/2018;robbery;-95,38099;29,73678
02/03/2018;robbery;-95,51249;29,80993
8/18/2018;robbery;-95,36204;29,69289
2/24/2018;robbery;-95,29594;29,87152
6/19/2018;robbery;-95,31691;29,79808
7/13/2018;robbery;-95,31689;29,80124
6/26/2018;robbery;-95,48461;29,72361
7/28/2018;robbery;-95,48486;29,79498
8/15/2018;robbery;-95,19372;29,78518
07/02/2018;robbery;-95,36832;29,64504
8/21/2018;robbery;-95,38573;29,75373
2/20/2018;robbery;-95,53895;29,709
7/21/2018;robbery;-95,55834;29,73367
4/18/2018;robbery;-95,41195;29,92554
07/09/2018;robbery;-95,49318;29,72074
08/03/2018;robbery;-95,36032;29,78905
04/01/2018;robbery;-95,55438;29,6894
07/04/2018;robbery;-95,31694;29,79912
01/09/2018;robbery;-95,51609;29,65627
1/22/2018;robbery;-95,47491;30,02237
3/22/2018;robbery;-95,36534;29,74395
4/28/2018;robbery;-95,31302;29,84826
4/25/2018;robbery;-95,32233;29,80215
02/12/2018;robbery;-95,5355;29,61072
5/17/2018;robbery;-95,59612;29,69988
05/12/2018;robbery;-95,53767;29,7145
1/16/2018;robbery;-95,55479;29,65613
02/11/2018;robbery;-95,61381;29,72829
08/08/2018;robbery;-95,40333;29,69012
5/16/2018;robbery;-95,37387;29,82844
5/25/2018;robbery;-95,48446;29,81064
06/11/2018;robbery;-95,40137;29,74281
7/22/2018;robbery;-95,39984;29,93459
2/26/2018;robbery;-95,34271;29,6789
03/11/2018;robbery;-95,25858;29,66274
03/09/2018;robbery;-95,30123;29,77504
03/08/2018;robbery;-95,51422;29,73663
01/01/2018;robbery;-95,61441;29,74776
3/24/2018;robbery;-95,47069;29,84437
6/15/2018;robbery;-95,29284;29,85822
01/04/2018;robbery;-95,28434;29,82685
01/10/2018;robbery;-95,5763;29,7419
6/27/2018;robbery;-95,50114;29,72235
3/15/2018;robbery;-95,3074;29,78027
07/08/2018;robbery;-95,39937;29,95051
03/11/2018;robbery;-95,3862;29,85677
01/07/2018;robbery;-95,35858;29,78202
2/13/2018;robbery;-95,19758;30,04125
8/18/2018;robbery;-95,45602;29,75337
8/30/2018;robbery;-95,48492;29,71735
1/15/2018;robbery;-95,48216;29,65733
6/13/2018;robbery;-95,33101;29,81348
08/04/2018;robbery;-95,37262;29,70607
8/13/2018;robbery;-95,36833;29,8757
02/12/2018;robbery;-95,33256;29,6368
7/23/2018;robbery;-95,49458;29,67913
05/08/2018;robbery;-95,37546;29,69373
3/29/2018;robbery;-95,34105;29,68744
3/26/2018;robbery;-95,34533;29,68233
8/26/2018;robbery;-95,50566;29,63973
6/25/2018;robbery;-95,54478;29,85727
6/18/2018;robbery;-95,36057;29,78665
5/27/2018;robbery;-95,31084;29,7094
7/17/2018;robbery;-95,51151;29,71311
2/13/2018;robbery;-95,34925;29,84809
07/12/2018;robbery;-95,57205;29,74807
3/31/2018;robbery;-95,53077;29,6561
3/22/2018;robbery;-95,50007;29,71741
6/30/2018;robbery;-95,30205;29,83292
7/31/2018;robbery;-95,36848;29,80314
2/26/2018;robbery;-95,28766;29,68503
1/20/2018;robbery;-95,36175;29,7451
04/05/2018;robbery;-95,49662;29,8676
03/01/2018;robbery;-95,39922;29,80465
08/12/2018;robbery;-95,55197;29,68728
2/25/2018;robbery;-95,40378;29,95043
5/29/2018;robbery;-95,56824;29,70404
1/15/2018;robbery;-95,53883;29,75039
01/09/2018;robbery;-95,30997;29,7765
05/03/2018;robbery;-95,38459;29,85778
6/15/2018;robbery;-95,34767;29,80819
1/16/2018;robbery;-95,5524;29,68004
8/29/2018;robbery;-95,34289;29,84446
02/10/2018;robbery;-95,37189;29,85405
6/20/2018;robbery;-95,36585;29,65163
4/22/2018;robbery;-95,48453;29,81179
3/21/2018;robbery;-95,3363;29,84855
05/09/2018;robbery;-95,28903;29,69601
06/12/2018;robbery;-95,49206;29,72612
08/12/2018;robbery;-95,50522;29,81107
1/25/2018;robbery;-95,31863;29,84824
6/29/2018;robbery;-95,12623;29,56108
05/05/2018;robbery;-95,32498;29,7474
08/10/2018;robbery;-95,60028;29,76717
7/24/2018;robbery;-95,36327;29,76328
2/23/2018;robbery;-95,3718;29,7484
06/03/2018;robbery;-95,32219;29,84817
7/18/2018;robbery;-95,53155;29,68843
08/08/2018;robbery;-95,28384;29,94048
4/29/2018;robbery;-95,35228;29,66868
5/22/2018;robbery;-95,43175;29,67946
7/28/2018;robbery;-95,57484;29,78522
06/05/2018;robbery;-95,48357;29,70565
4/20/2018;robbery;-95,53084;29,82141
2/13/2018;robbery;-95,53442;29,72899
5/18/2018;robbery;-95,35216;29,87095
05/12/2018;robbery;-95,59952;29,77022
02/11/2018;robbery;-95,63152;29,78462
3/25/2018;robbery;-95,27797;29,6546
4/17/2018;robbery;-95,56895;29,67756
5/15/2018;robbery;-95,60915;29,7738
8/23/2018;robbery;-95,55846;29,75597
8/13/2018;robbery;-95,47305;29,59186
4/16/2018;robbery;-95,23847;29,64323
1/20/2018;robbery;-95,5524;29,68004
06/05/2018;robbery;-95,33283;29,66804
4/17/2018;robbery;-95,58635;29,73117
3/15/2018;robbery;-95,30159;30,0013
6/15/2018;robbery;-95,23585;29,84743
01/11/2018;robbery;-95,51692;29,71304
05/09/2018;robbery;-95,28933;29,67335
7/21/2018;robbery;-95,30906;29,66905
07/06/2018;robbery;-95,4754;29,73803
08/05/2018;robbery;-95,56591;29,68693
01/06/2018;robbery;-95,14286;29,56031
3/15/2018;robbery;-95,31358;29,93452
08/07/2018;robbery;-95,33241;29,84879
07/12/2018;robbery;-95,38219;29,87557
01/02/2018;robbery;-95,46594;29,87795
08/01/2018;robbery;-95,38273;29,80572
1/16/2018;robbery;-95,54478;29,85727
05/05/2018;robbery;-95,27016;29,76441
6/23/2018;robbery;-95,54774;29,71217
03/07/2018;robbery;-95,5392;29,74458
05/09/2018;robbery;-95,24398;29,77362
7/21/2018;robbery;-95,64206;29,73569
5/31/2018;robbery;-95,36052;29,66322
05/01/2018;robbery;-95,39813;29,75679
6/20/2018;robbery;-95,7436;29,78337
05/04/2018;robbery;-95,41093;29,91328
05/11/2018;robbery;-95,54337;29,95598
7/28/2018;robbery;-95,3377;29,82893
3/24/2018;robbery;-95,49528;29,84738
1/24/2018;robbery;-95,52746;29,69231
5/21/2018;robbery;-95,40931;29,93795
5/26/2018;robbery;-95,55224;29,69836
04/10/2018;robbery;-95,37906;29,83702
4/24/2018;robbery;-95,56438;29,68652
02/03/2018;robbery;-95,6114;29,73615
03/08/2018;robbery;-95,48499;29,80953
2/16/2018;robbery;-95,53164;29,72554
3/17/2018;robbery;-95,4071;29,92513
4/20/2018;robbery;-95,34139;29,84822
6/26/2018;robbery;-95,55154;29,68096
06/03/2018;robbery;-95,41824;29,89123
2/26/2018;robbery;-95,33925;29,64784
7/14/2018;robbery;-95,35397;29,78712
3/26/2018;robbery;-95,52332;29,72376
04/06/2018;robbery;-95,39854;29,80395
1/22/2018;robbery;-95,59645;29,77812
05/03/2018;robbery;-95,55506;29,67505
7/14/2018;robbery;-95,2495;29,64893
01/04/2018;robbery;-95,37446;29,70042
4/28/2018;robbery;-95,36843;29,68749
1/18/2018;robbery;-95,42188;29,68552
03/01/2018;robbery;-95,37631;29,8593
8/23/2018;robbery;-95,51572;29,71024
05/08/2018;robbery;-95,39259;29,73227
5/15/2018;robbery;-95,50127;29,7296
6/19/2018;robbery;-95,4959;29,72881
07/01/2018;robbery;-95,29158;29,94986
8/20/2018;robbery;-95,48899;29,67547
4/14/2018;robbery;-95,42221;29,95194
01/12/2018;robbery;-95,40959;29,77686
8/28/2018;robbery;-95,50114;29,72235
7/26/2018;robbery;-95,54472;29,71563
4/22/2018;robbery;-95,37066;29,8457
8/13/2018;robbery;-95,35323;29,74326
1/18/2018;robbery;-95,35206;29,87095
3/17/2018;robbery;-95,3121;29,82845
03/08/2018;robbery;-95,3377;29,82893
01/08/2018;robbery;-95,49113;29,68848
8/23/2018;robbery;-95,55216;29,96208
4/25/2018;robbery;-95,32682;29,69445
8/26/2018;robbery;-95,4889;29,64187
5/14/2018;robbery;-95,49475;29,8148
3/14/2018;robbery;-95,59961;29,67755
02/07/2018;robbery;-95,24379;29,63542
7/19/2018;robbery;-95,33512;29,84865
2/21/2018;robbery;-95,5569;29,68944
03/06/2018;robbery;-95,36915;29,72121
8/14/2018;robbery;-95,36843;29,68749
8/13/2018;robbery;-95,38078;29,75643
8/15/2018;robbery;-95,5441;29,71375
4/29/2018;robbery;-95,37895;29,74643
05/06/2018;robbery;-95,29908;29,67137
1/25/2018;robbery;-95,54267;29,82278
5/22/2018;robbery;-95,4493;29,88341
08/02/2018;robbery;-95,42314;29,95716
2/24/2018;robbery;-95,51692;29,71304
8/23/2018;robbery;-95,38868;29,74817
06/10/2018;robbery;-95,31358;29,93452
7/25/2018;robbery;-95,38455;29,82706
08/01/2018;robbery;-95,34258;29,82609
3/15/2018;robbery;-95,32612;29,79688
5/24/2018;robbery;-95,54657;29,71264
1/15/2018;robbery;-95,41195;29,92554
01/09/2018;robbery;-95,42508;29,86473
4/19/2018;robbery;-95,36381;29,67288
05/11/2018;robbery;-95,20787;29,77109
02/05/2018;robbery;-95,59055;29,70797
3/15/2018;robbery;-95,58315;29,67507
4/17/2018;robbery;-95,49579;29,70637
08/12/2018;robbery;-95,34988;29,85812
01/08/2018;robbery;-95,50675;29,67873
7/21/2018;robbery;-95,40783;29,73432
07/12/2018;robbery;-95,25408;29,83743
1/19/2018;robbery;-95,4291;29,80537
2/27/2018;robbery;-95,2466;29,69105
07/07/2018;robbery;-95,33719;29,79261